,Compound,Date,Message,Negative,Neutral,Positive,Tweets Ago,User
0,0.0,Sun Sep 09 02:31:11 +0000 2018,Swedish election: Vote held amid anti-immigration surge https://t.co/aa5unYAuxZ,1.0,0.0,0.0,1,@BBCWorld
1,-0.3876,Sat Sep 08 23:22:55 +0000 2018,"US trade wars: The farmers who trust Trump, but not without worries https://t.co/BAYkse3h0v",0.591,0.282,0.127,2,@BBCWorld
2,0.0,Sat Sep 08 23:20:15 +0000 2018,Sergei Skripal and the Russian disinformation game https://t.co/7MmoQqu8M9,1.0,0.0,0.0,3,@BBCWorld
3,-0.6249,Sat Sep 08 23:11:52 +0000 2018,Families of Yemen bus strike victims despair at global response https://t.co/rLi6pWMmVs,0.567,0.433,0.0,4,@BBCWorld
4,0.0,Sat Sep 08 22:35:03 +0000 2018,North Korea to stage military parade and mass games https://t.co/14LdXzil4D,1.0,0.0,0.0,5,@BBCWorld
5,-0.7845,Sat Sep 08 20:44:18 +0000 2018,Greek riot police fire tear gas at Macedonia name protesters https://t.co/83mMKHw0WM,0.503,0.497,0.0,6,@BBCWorld
6,-0.6908,Sat Sep 08 17:35:43 +0000 2018,Syria war: Idlib rebels targeted by 'fiercest raids in weeks' https://t.co/FpGzhvihe8,0.612,0.388,0.0,7,@BBCWorld
7,-0.2263,Sat Sep 08 16:31:50 +0000 2018,Climate change: Protests held ahead of California summit https://t.co/yQcKnMPEyH,0.808,0.192,0.0,8,@BBCWorld
8,-0.1779,Sat Sep 08 11:42:04 +0000 2018,Egypt sentences hundreds over 2013 pro-Morsi protests https://t.co/cFeeFMCswX,0.659,0.209,0.132,9,@BBCWorld
9,0.0,Sat Sep 08 11:07:53 +0000 2018,Swedish election: PM says voting for anti-immigration SD is 'dangerous' https://t.co/YPhB8evgjY,1.0,0.0,0.0,10,@BBCWorld
10,-0.7351,Sat Sep 08 11:05:16 +0000 2018,Grieving Donegal mother denied taoiseach meeting https://t.co/iiC84Ou7cV,0.446,0.554,0.0,11,@BBCWorld
11,0.0772,Sat Sep 08 10:10:41 +0000 2018,Cardi B and Nicki Minaj feud turns physical at New York party https://t.co/shxrUb4Mrs,0.662,0.159,0.179,12,@BBCWorld
12,0.7351,Sat Sep 08 08:21:56 +0000 2018,"The giant barrier built to clear plastic from the ""Great Pacific Garbage Patch""

https://t.co/p6ambj9mFt https://t.co/KX4UbVyYPc",0.594,0.074,0.332,13,@BBCWorld
13,0.0,Sat Sep 08 03:20:26 +0000 2018,Alibaba's Jack Ma 'to step down and focus on philanthropy' https://t.co/SxClgd29IU,1.0,0.0,0.0,14,@BBCWorld
14,-0.875,Sat Sep 08 01:14:51 +0000 2018,Syria war: 'Russian strikes' target Idlib as offensive looms https://t.co/OoXw9a5ud7,0.353,0.647,0.0,15,@BBCWorld
15,-0.4939,Sat Sep 08 00:14:15 +0000 2018,The Indian activist jailed for being gay https://t.co/kwaDFjvOvc,0.686,0.314,0.0,16,@BBCWorld
16,0.34,Fri Sep 07 23:41:38 +0000 2018,Chevron wins Ecuador rainforest 'oil dumping' case https://t.co/Auql02PQkP,0.5,0.192,0.308,17,@BBCWorld
17,0.0,Fri Sep 07 22:51:03 +0000 2018,Resurgent anti-Trump 'resistance' defines a divided America https://t.co/LId6iekn9C,1.0,0.0,0.0,18,@BBCWorld
18,-0.4215,Fri Sep 07 22:32:10 +0000 2018,"RT @BBCSport: Juan Martin del Potro is through to the #USOpen final 

Rafael Nadal has retired with injury.

Reaction: https://t.co/tj9FBmv‚Ä¶",0.872,0.128,0.0,19,@BBCWorld
19,-0.6486,Fri Sep 07 21:29:13 +0000 2018,"RT @BBCBreaking: US rapper Mac Miller found dead at his Los Angeles home aged 26 after apparent overdose, US media report https://t.co/ytKh‚Ä¶",0.83,0.17,0.0,20,@BBCWorld
20,0.6369,Fri Sep 07 21:03:42 +0000 2018,"Barack Obama slams President Trump in Illinois speech

https://t.co/ENCNmEij2M (Tap your screen for best view on mo‚Ä¶ https://t.co/2NNGCzqfdq",0.802,0.0,0.198,21,@BBCWorld
21,0.5574,Fri Sep 07 20:26:16 +0000 2018,Kavanaugh Supreme Court hearings: Five takeaways https://t.co/FJho4euD2B,0.625,0.0,0.375,22,@BBCWorld
22,0.3382,Fri Sep 07 19:59:05 +0000 2018,"Well, it is colourful! ü§î

https://t.co/R63CwDYYKN",0.715,0.0,0.285,23,@BBCWorld
23,0.0,Fri Sep 07 19:16:07 +0000 2018,Turkey HDP: Court jails pro-Kurdish leader Demirtas https://t.co/07pwcnjbps,1.0,0.0,0.0,24,@BBCWorld
24,0.0,Fri Sep 07 18:59:48 +0000 2018,"RT @BBCSport: Rafael Nadal and Novak Djokovic will bid to set up a 53rd meeting with victories in the US Open semi-finals on Friday.

More‚Ä¶",1.0,0.0,0.0,25,@BBCWorld
25,0.0,Fri Sep 07 18:59:09 +0000 2018,Russia 'tried to spy on France in space' - French minister https://t.co/LsEQDUmm8i,1.0,0.0,0.0,26,@BBCWorld
26,0.0,Fri Sep 07 18:50:33 +0000 2018,Trump urges inquiry into anonymous New York Times editorial https://t.co/h6ONabfR1B,1.0,0.0,0.0,27,@BBCWorld
27,0.4404,Fri Sep 07 18:41:29 +0000 2018,RT @BBCSport: Justin Rose shot a seven-under-par 63 to move into second place after the second round of the BMW Championship in Philadelphi‚Ä¶,0.879,0.0,0.121,28,@BBCWorld
28,-0.4404,Fri Sep 07 18:32:08 +0000 2018,Oregon romance novelist charged in husband's murder https://t.co/hr9y5Vc8Xq,0.331,0.43,0.238,29,@BBCWorld
29,-0.4404,Fri Sep 07 18:25:21 +0000 2018,"Donald Trump is ""capitalising on resentments that politicians have been fanning for years"" - Barack Obama reflects‚Ä¶ https://t.co/mSdj6pJlLv",0.847,0.153,0.0,30,@BBCWorld
30,0.1372,Fri Sep 07 17:58:54 +0000 2018,"RT @BBCSport: Double Olympic champion Kristina Vogel says she ""can't walk any more"" after sustaining a serious spinal injury when she crash‚Ä¶",0.685,0.166,0.148,31,@BBCWorld
31,-0.6486,Fri Sep 07 17:13:36 +0000 2018,Obama attacks 'crazy stuff' from Trump White House https://t.co/cH0tJYU2ZI,0.569,0.431,0.0,32,@BBCWorld
32,-0.6124,Fri Sep 07 16:59:21 +0000 2018,Basra protests: Rioters attack Iran consulate https://t.co/tmAdCmohqY,0.5,0.5,0.0,33,@BBCWorld
33,0.0,Fri Sep 07 16:57:38 +0000 2018,"""A woman said I was too black, she couldn't see anything on the screen""

Belgian weather presenter C√©cile Djunga sp‚Ä¶ https://t.co/HClwbB6SYM",1.0,0.0,0.0,34,@BBCWorld
34,0.0,Fri Sep 07 16:45:53 +0000 2018,Cosby Show's Geoffrey Owens bags himself a new job https://t.co/zaZeefsn36,1.0,0.0,0.0,35,@BBCWorld
35,0.0,Fri Sep 07 16:28:00 +0000 2018,RT @BBCNews: Giant plastic catcher heads for Pacific Ocean clean-up https://t.co/0QJNnfU4B9,1.0,0.0,0.0,36,@BBCWorld
36,-0.5994,Fri Sep 07 15:54:40 +0000 2018,Why is there a war in Syria? https://t.co/jlYQQA1x2K,0.606,0.394,0.0,37,@BBCWorld
37,-0.3182,Fri Sep 07 15:44:33 +0000 2018,Brazil's Jair Bolsonaro 'lost 40% of blood in stabbing' https://t.co/GJtHAGTQ6Z,0.796,0.204,0.0,38,@BBCWorld
38,0.0,Fri Sep 07 15:28:30 +0000 2018,RT @BBCNews: Hawk knocked unconscious during bird chase https://t.co/s2TfoNjfcK,1.0,0.0,0.0,39,@BBCWorld
39,-0.7184,Fri Sep 07 15:27:23 +0000 2018,Texas officer kills man in flat she mistakes for her own https://t.co/xleQfR4ffC,0.625,0.375,0.0,40,@BBCWorld
40,-0.2263,Fri Sep 07 15:26:49 +0000 2018,Barcelona blocks tiny 'haibu' living pods https://t.co/b8eFeIZaWm,0.759,0.241,0.0,41,@BBCWorld
41,-0.0516,Fri Sep 07 14:10:49 +0000 2018,It's Always Sunny star @RMcElhenney mocks his 'unrealistic' body change https://t.co/cX94CCdSAX,0.608,0.203,0.189,42,@BBCWorld
42,0.0,Fri Sep 07 13:50:20 +0000 2018,Elon Musk smokes marijuana live on web show https://t.co/xGs6AJJLPz,1.0,0.0,0.0,43,@BBCWorld
43,0.0,Fri Sep 07 13:43:57 +0000 2018,Nigeria takes on Africa's mobile phone giant MTN https://t.co/5rKPAEp3MY,1.0,0.0,0.0,44,@BBCWorld
44,0.5106,Fri Sep 07 13:34:42 +0000 2018,"RT @BBC_HaveYourSay: One tattoo.

100 free pizzas every year for the next 100 yearsüçïüçïüçï

Would you do it?
https://t.co/T7CN2MeHDC",0.845,0.0,0.155,45,@BBCWorld
45,0.5106,Fri Sep 07 13:25:55 +0000 2018,"RT @BBCNews: ""With hard work and determination you can achieve your goals"" 

Haylee Martin quit her job as a teacher to follow her dream of‚Ä¶",0.775,0.052,0.173,46,@BBCWorld
46,-0.7003,Fri Sep 07 13:23:35 +0000 2018,RT @BBCAfrica: Woman and son critically injured in giraffe attack https://t.co/FpdK57zUSb https://t.co/X961aEGuX9,0.633,0.367,0.0,47,@BBCWorld
47,-0.2023,Fri Sep 07 13:15:13 +0000 2018,Simon Coveney: Donald Trump's visit will be controversial https://t.co/6qmgKUEnty,0.816,0.184,0.0,48,@BBCWorld
48,-0.2584,Fri Sep 07 12:45:00 +0000 2018,"RT @BBC_HaveYourSay: It's Not Always Sunny: @RMcElhenney says it's ""not that hard"" to get ripped
 https://t.co/VcHw8lbF2D",0.794,0.132,0.074,49,@BBCWorld
49,0.0,Fri Sep 07 11:53:56 +0000 2018,Ethiopian engineer Simegnew Bekele 'took his own life' https://t.co/kU9JXuCWFE,1.0,0.0,0.0,50,@BBCWorld
50,-0.5994,Fri Sep 07 11:38:53 +0000 2018,"Syria war: Iran, Russia and Turkey meet to discuss Idlib https://t.co/23pH8FkZDM",0.719,0.281,0.0,51,@BBCWorld
51,0.2732,Fri Sep 07 10:58:02 +0000 2018,"RT @BBCNews: Dilyn the springer spaniel is recovering well after surgery to remove 206 pebbles he ate on a trip to the beach üê∂

https://t.c‚Ä¶",0.92,0.0,0.08,52,@BBCWorld
52,-0.2263,Fri Sep 07 10:49:47 +0000 2018,Protests as Moldova 'deports Turkish teachers' https://t.co/Wy6wu7HjHc,0.759,0.241,0.0,53,@BBCWorld
53,0.2023,Fri Sep 07 10:42:42 +0000 2018,"""It's such an important issue... I must do what I can""

15-year-old Greta has gone on a school-strike to take her p‚Ä¶ https://t.co/78qXEXkaLK",0.913,0.0,0.087,54,@BBCWorld
54,0.0,Fri Sep 07 10:31:54 +0000 2018,South Africa engineer Manglin Pillay sacked after sexism furore https://t.co/4uJUfQjNMC,1.0,0.0,0.0,55,@BBCWorld
55,0.1027,Fri Sep 07 10:19:18 +0000 2018,In pictures: Fresh protests rock Basra in Iraq https://t.co/FAPPJTpNO2,0.625,0.17,0.205,56,@BBCWorld
56,-0.2755,Fri Sep 07 10:02:39 +0000 2018,"""I don't like living here - it is too hard.""

Meet 12-year-old Kamroo - the Rohingya girl whose home could slip dow‚Ä¶ https://t.co/EjMAgQ0pbI",0.905,0.095,0.0,57,@BBCWorld
57,0.0,Fri Sep 07 09:52:18 +0000 2018,Syria: Who's in control of Idlib? https://t.co/Xa4q6lLXpf,1.0,0.0,0.0,58,@BBCWorld
58,0.7351,Fri Sep 07 09:16:34 +0000 2018,"RT @BBCSport: Another shot at winning her first Grand Slam title since giving birth üí™ 

Serena Williams is in the #USOpen final.

Report: h‚Ä¶",0.648,0.08,0.272,59,@BBCWorld
59,0.0,Fri Sep 07 09:16:18 +0000 2018,"RT @bbcworldservice: Banished for menstruating - ""when I have my period, I have to sleep in the cowshed."" https://t.co/Vo88UlSTPh",1.0,0.0,0.0,60,@BBCWorld
60,-0.8658,Fri Sep 07 08:14:38 +0000 2018,"RT @VictoriaLIVE: Can football ‚öΩÔ∏è help children traumatised by war and violence?

We‚Äôve been to the vast Zaatari camp in Jordan where @Arse‚Ä¶",0.574,0.344,0.082,61,@BBCWorld
61,0.2023,Fri Sep 07 08:14:31 +0000 2018,"RT @BBCNews: BA boss apologises for 'malicious' data breach

https://t.co/7kPbQTydIT https://t.co/stq9NSehBl",0.847,0.0,0.153,62,@BBCWorld
62,-0.5994,Fri Sep 07 07:40:54 +0000 2018,Syria war: How Idlib may be changing Trump's strategy https://t.co/GkNY54SamE,0.698,0.302,0.0,63,@BBCWorld
63,-0.5106,Fri Sep 07 07:37:26 +0000 2018,"RT @BBCSteveR: The pro-Kremlin Izvestia newspaper warns Britain that if the UK launches cyber attacks against Russia over the Skripal case,‚Ä¶",0.815,0.185,0.0,64,@BBCWorld
64,0.5106,Fri Sep 07 06:27:30 +0000 2018,RT @BBCMaryam: BA says it‚Äôs investigating the theft of customer data from its website and mobile app. How comfortable are you with entering‚Ä¶,0.87,0.0,0.13,65,@BBCWorld
65,-0.7717,Fri Sep 07 04:14:16 +0000 2018,Fears grow for Japan quake survivors as death toll rises https://t.co/oCTxV8aExF,0.573,0.427,0.0,66,@BBCWorld
66,-0.7096,Fri Sep 07 03:49:30 +0000 2018,Syria war: US 'has seen evidence' chemical weapons being prepared https://t.co/3EWWAnVgia,0.479,0.407,0.114,67,@BBCWorld
67,-0.875,Fri Sep 07 03:35:59 +0000 2018,Cheryl Grimmer: Man denies murder of toddler in 48-year mystery https://t.co/YCPD8rfYnF,0.444,0.556,0.0,68,@BBCWorld
68,0.128,Fri Sep 07 02:30:29 +0000 2018,"""It isn't the law, what we still fear is people's perception.""

As India celebrates its historic gay rights ruling,‚Ä¶ https://t.co/3H5wfHop4h",0.723,0.129,0.149,69,@BBCWorld
69,0.0,Fri Sep 07 02:18:26 +0000 2018,Isle of Man wallaby-related police call-outs revealed https://t.co/Ih1dJoJLjw,1.0,0.0,0.0,70,@BBCWorld
70,0.4404,Thu Sep 06 23:58:33 +0000 2018,Japan's push to resume whaling for profit https://t.co/M1qZo4SJIo,0.707,0.0,0.293,71,@BBCWorld
71,0.3182,Thu Sep 06 23:55:41 +0000 2018,100 Women: The truth behind the 'bra-burning' feminists https://t.co/ZMChY9dAAQ,0.777,0.0,0.223,72,@BBCWorld
72,0.0,Thu Sep 06 21:53:05 +0000 2018,What it means to be gay in rural India https://t.co/FySFtRzlZ8,1.0,0.0,0.0,73,@BBCWorld
73,-0.8225,Thu Sep 06 20:59:22 +0000 2018,RT @BBCBreaking: Twitter permanently bans US conspiracy theorist Alex Jones and Infowars for abusive behaviour https://t.co/6hp5VIIf7F,0.648,0.352,0.0,74,@BBCWorld
74,-0.2263,Thu Sep 06 20:25:03 +0000 2018,Basra protests: Government buildings torched in new unrest https://t.co/hZuMsuYJxJ,0.808,0.192,0.0,75,@BBCWorld
75,-0.4404,Thu Sep 06 20:14:04 +0000 2018,Brazil politician Jair Bolsonaro stabbed in street https://t.co/SA0SPVICze,0.707,0.293,0.0,76,@BBCWorld
76,0.0,Thu Sep 06 19:59:06 +0000 2018,The Whodunnit editorial puzzling Washington https://t.co/BWZSqZ2y08,1.0,0.0,0.0,77,@BBCWorld
77,-0.7003,Thu Sep 06 19:44:20 +0000 2018,Novichok attack: Russia scorn for UK's 'cheap soap opera' https://t.co/mAQV0Qc56o,0.58,0.42,0.0,78,@BBCWorld
78,0.4019,Thu Sep 06 19:28:46 +0000 2018,"RT @BBCBreaking: Obituary: Burt Reynolds - full of charm &amp; swagger, he became one of Hollywood's best-known stars

https://t.co/d1LpTUiG6o‚Ä¶",0.863,0.0,0.137,79,@BBCWorld
79,0.0,Thu Sep 06 19:06:31 +0000 2018,"RT @BBCBreaking: Burt Reynolds dies, aged 82 - he starred in a string of hits in the 1970s, including Smokey and the Bandit &amp; Deliverance h‚Ä¶",1.0,0.0,0.0,80,@BBCWorld
80,0.0,Thu Sep 06 18:16:03 +0000 2018,Dancer sues New York City Ballet over nude photos https://t.co/Kw3bEWr7Bi,1.0,0.0,0.0,81,@BBCWorld
81,-0.6997,Thu Sep 06 17:36:36 +0000 2018,"RT @BBCNews: Salisbury poisoning: US, France, Germany and Canada back UK claim attack ""almost certainly"" ordered by Russian government http‚Ä¶",0.654,0.265,0.081,82,@BBCWorld
82,-0.5267,Thu Sep 06 17:18:07 +0000 2018,Ohio officer who Tasered girl 'violated department policy' https://t.co/p7ObehbIJB,0.702,0.298,0.0,83,@BBCWorld
83,-0.5423,Thu Sep 06 17:04:33 +0000 2018,"RT @BBCNews: Salisbury poisoning: ""The number of inconsistencies and issues with the new British so-called evidence is off the charts"" - Ru‚Ä¶",0.788,0.158,0.054,84,@BBCWorld
84,0.0772,Thu Sep 06 16:56:41 +0000 2018,"US 2018 mid-terms: The challenges facing Donald Trump, in six charts

Thread üëá https://t.co/9w3jQ6xDY3 https://t.co/9ttN8WGywg",0.929,0.0,0.071,85,@BBCWorld
85,0.4939,Thu Sep 06 16:49:19 +0000 2018,Brett Kavanaugh: Supreme Court pick 'questioned abortion ruling' https://t.co/dTtENBpOlQ,0.583,0.117,0.3,86,@BBCWorld
86,0.0,Thu Sep 06 16:37:08 +0000 2018,India gay sex ruling: Where in the world is gay sex still against the law? https://t.co/sncqtqAW41,1.0,0.0,0.0,87,@BBCWorld
87,-0.4939,Thu Sep 06 16:34:18 +0000 2018,Genoa bridge collapse: Italian prosecutors investigate 20 people https://t.co/1Fs6qP0SZX,0.714,0.286,0.0,88,@BBCWorld
88,-0.765,Thu Sep 06 15:50:13 +0000 2018,Anger as Italy arrests Tunisian fishermen 'rescuing migrants' https://t.co/bz1fL1U8o1,0.515,0.485,0.0,89,@BBCWorld
89,0.0,Thu Sep 06 14:59:35 +0000 2018,NYT Trump column: Linguistic hunt to identify White House insider https://t.co/X6y9cEar0j,1.0,0.0,0.0,90,@BBCWorld
90,0.0,Thu Sep 06 14:54:23 +0000 2018,Egyptian 'harasser' stripped by crowd https://t.co/cL5s9D2dSj,1.0,0.0,0.0,91,@BBCWorld
91,0.3818,Thu Sep 06 14:48:26 +0000 2018,"RT @BBCNews: ""Bad"" photoshop puts Frank Lampard in a picture to promote a new New York park

https://t.co/Ct0DuIki5T https://t.co/T3DhPFWmcy",0.86,0.0,0.14,92,@BBCWorld
92,-0.765,Thu Sep 06 14:25:18 +0000 2018,Boston police captain's son jailed for IS terror plot https://t.co/glZbYtmJs5,0.548,0.452,0.0,93,@BBCWorld
93,0.0,Thu Sep 06 14:23:39 +0000 2018,".@TOMFORD kicks off New York Fashion Week #NYFW

https://t.co/sQAwtp8e2l",1.0,0.0,0.0,94,@BBCWorld
94,-0.4215,Thu Sep 06 14:18:56 +0000 2018,C√©cile Djunga: Belgian forecaster hits out at race insults https://t.co/SYQAXbv8QF,0.763,0.237,0.0,95,@BBCWorld
95,-0.4215,Thu Sep 06 13:09:14 +0000 2018,Mike Pence denies he wrote 'gutless' anonymous editorial #NYTimesOpEd https://t.co/hVf3XlYTQo,0.763,0.237,0.0,96,@BBCWorld
96,0.0,Thu Sep 06 12:57:04 +0000 2018,"RT @BBCSport: Osi Umenyiora says Colin Kaepernick will go down in history alongside Muhammad Ali for taking a stand over his beliefs.

http‚Ä¶",1.0,0.0,0.0,97,@BBCWorld
97,0.6249,Thu Sep 06 12:41:03 +0000 2018,"Joy in India after landmark ruling legalises gay sex #Section377

https://t.co/DplZvumVhS",0.638,0.0,0.362,98,@BBCWorld
98,0.0,Thu Sep 06 12:27:47 +0000 2018,Trump 'resistance' op-ed: Does it pass the anonymity test? https://t.co/xUq23vyN56,1.0,0.0,0.0,99,@BBCWorld
99,0.0,Thu Sep 06 11:42:36 +0000 2018,India gay sex ruling: Twitter responds to abolition of #Section377 https://t.co/EsfiwkXnYW,1.0,0.0,0.0,100,@BBCWorld
100,0.0772,Sun Sep 09 03:30:13 +0000 2018,"Whitney Austin was shot 12 times as she walked to work. She lived, thanks to emergency workers‚Ä¶ https://t.co/iSVPJmCNkZ",0.744,0.121,0.135,1,@CNN
101,-0.7717,Sun Sep 09 03:13:52 +0000 2018,A Dallas police officer shot and killed a man after mistakenly entering his apartment at the complex where she also‚Ä¶ https://t.co/VtAO1OVtoO,0.717,0.283,0.0,2,@CNN
102,0.0,Sun Sep 09 03:00:16 +0000 2018,"Archaeologists believe they have unearthed one of Egypt's oldest-known settlements in the Nile Delta, dating back s‚Ä¶ https://t.co/zNtw8XmPWE",1.0,0.0,0.0,3,@CNN
103,0.4215,Sun Sep 09 02:30:11 +0000 2018,This California nurse discovered that her colleague was a patient she cared for as a baby 28 years ago‚Ä¶ https://t.co/cxLLSuyo0l,0.859,0.0,0.141,4,@CNN
104,0.34,Sun Sep 09 02:00:20 +0000 2018,A Chinese kindergarten welcomed children back to school at the beginning of term with a pole dancing display https://t.co/hxVy5k00U6,0.87,0.0,0.13,5,@CNN
105,-0.4019,Sun Sep 09 01:30:15 +0000 2018,Behind the glamour of the Miss America pageant lies discord and division https://t.co/aaLVFTs7IA https://t.co/JwfVCX6kRf,0.488,0.346,0.166,6,@CNN
106,0.0,Sun Sep 09 01:00:07 +0000 2018,Letter suggests Vatican knew of sexual misconduct allegations against former Cardinal Theodore McCarrick in 2000‚Ä¶ https://t.co/3uARKeDRZp,1.0,0.0,0.0,7,@CNN
107,0.0,Sun Sep 09 00:45:00 +0000 2018,A high school student who made faces during President Trump's rally in Montana says he thinks he was removed from t‚Ä¶ https://t.co/XXWsRbSNEi,1.0,0.0,0.0,8,@CNN
108,0.0,Sun Sep 09 00:30:13 +0000 2018,"Secretary of State Mike Pompeo has received a letter from North Korean leader Kim Jong Un to President Trump, accor‚Ä¶ https://t.co/Zb65tZTXwz",1.0,0.0,0.0,9,@CNN
109,0.5216,Sun Sep 09 00:15:04 +0000 2018,Chicago bishop who didn't report child abuse allegations to police is living on archdiocese property‚Ä¶ https://t.co/XgJs0lDRBG,0.817,0.0,0.183,10,@CNN
110,0.0,Sun Sep 09 00:00:22 +0000 2018,"Breaking hearts, Elton John kicks off final world tour https://t.co/2PvLzue2eq https://t.co/FBBFfsqIgA",1.0,0.0,0.0,11,@CNN
111,-0.2023,Sat Sep 08 23:45:06 +0000 2018,"President Trump, Republicans using impeachment threat as tool to motivate their base https://t.co/hR81HTIXYo https://t.co/7NCnW8Hvwx",0.667,0.189,0.144,12,@CNN
112,0.6597,Sat Sep 08 23:30:04 +0000 2018,"Democratic Senate hopes are alive, though precarious https://t.co/yPCppeoQYm | Analysis by Harry Enten https://t.co/fiEbeVZXUP",0.671,0.0,0.329,13,@CNN
113,-0.0772,Sat Sep 08 23:15:02 +0000 2018,"Mick Mulvaney, a top Trump administration official, warned behind closed doors that Republican candidates such as T‚Ä¶ https://t.co/YjS8OpqwPG",0.794,0.111,0.095,14,@CNN
114,0.34,Sat Sep 08 23:00:10 +0000 2018,Why big food companies are giving money to startups https://t.co/JmSzLLRjvb https://t.co/LHTuemkTEb,0.806,0.0,0.194,15,@CNN
115,0.4005,Sat Sep 08 22:45:09 +0000 2018,Why Russian trolls may be more excited that the NFL is back than you are https://t.co/wuiihMBN0l https://t.co/Z1RwgE86pU,0.856,0.0,0.144,16,@CNN
116,0.5574,Sat Sep 08 22:30:12 +0000 2018,What we learned about Judge Brett Kavanaugh's future on the Supreme Court from his hearing https://t.co/knvX2kF1hA https://t.co/mckLbMFiyU,0.816,0.0,0.184,17,@CNN
117,-0.6486,Sat Sep 08 22:15:09 +0000 2018,California man who allegedly stuck his dates with the check faces years in prison https://t.co/RpgWuVzh8Q https://t.co/gchr7psWmg,0.725,0.275,0.0,18,@CNN
118,0.6249,Sat Sep 08 22:10:54 +0000 2018,"BREAKING: Japan's Naomi Osaka has won her first grand slam title at the US Open. She beat Serena Williams, who was‚Ä¶ https://t.co/RDmyTdX5KW",0.671,0.092,0.237,19,@CNN
119,0.0,Sat Sep 08 22:00:10 +0000 2018,New York gubernatorial candidate Cynthia Nixon makes final pitch to progressives in NY governor primary‚Ä¶ https://t.co/XmDW8iG6iI,1.0,0.0,0.0,20,@CNN
120,0.0258,Sat Sep 08 21:55:16 +0000 2018,Rappers Nicki Minaj and Cardi B get into fight at New York Fashion Week party https://t.co/3JJYtS4ojK (corrects lin‚Ä¶ https://t.co/MMwL5vD1e8,0.751,0.122,0.127,21,@CNN
121,-0.0258,Sat Sep 08 21:45:03 +0000 2018,"Airstrikes hit Syria's Idlib province, the last remaining rebel stronghold https://t.co/mPmHZbo6z5 https://t.co/kL2DsjvpiR",0.763,0.122,0.115,22,@CNN
122,-0.296,Sat Sep 08 21:30:10 +0000 2018,Russian accused of hacking the data of 80 million people extradited to US https://t.co/TdGhogbPh6 https://t.co/IPgMFSCUQj,0.864,0.136,0.0,23,@CNN
123,0.25,Sat Sep 08 21:15:08 +0000 2018,"Bill Daily, witty sidekick on ""I Dream of Jeannie,"" dies at 91 https://t.co/MEJ8yi0tGS https://t.co/YvvW8dLQqD",0.867,0.0,0.133,24,@CNN
124,0.0,Sat Sep 08 21:00:11 +0000 2018,Novak Djokovic cruises to his eighth US Open men's final https://t.co/Qx3zaMzFQh https://t.co/OC8ZvHfzO6,1.0,0.0,0.0,25,@CNN
125,0.0,Sat Sep 08 20:45:08 +0000 2018,The onetime mistress of former deputy Republican National Committee Finance Chairman Elliott Broidy alleges in newl‚Ä¶ https://t.co/eOumrTNAv9,1.0,0.0,0.0,26,@CNN
126,0.0,Sat Sep 08 20:30:12 +0000 2018,Another frontier for the US-Russian rivalry ‚Äî outer space https://t.co/7okQUakxph https://t.co/K5TFAPJ1IU,1.0,0.0,0.0,27,@CNN
127,-0.296,Sat Sep 08 20:15:04 +0000 2018,Government erred in claiming accused Russian spy Maria Butina offered to trade sex for political access‚Ä¶ https://t.co/wRgm4GL2oe,0.879,0.121,0.0,28,@CNN
128,0.0,Sat Sep 08 20:00:06 +0000 2018,A high school student who made faces during President Trump's rally in Montana says he thinks he was removed from t‚Ä¶ https://t.co/kRJecQtcqq,1.0,0.0,0.0,29,@CNN
129,0.7269,Sat Sep 08 19:45:00 +0000 2018,"""The good news is, in two months we have the chance to restore some sanity in our politics."" At a campaign rally in‚Ä¶ https://t.co/hpBMKlIqFX",0.738,0.0,0.262,30,@CNN
130,0.0,Sat Sep 08 19:30:06 +0000 2018,"We're in Anaheim, California, where former President Barack Obama is headlining his first rally of the 2018 midterm‚Ä¶ https://t.co/P9xQwCSoUO",1.0,0.0,0.0,31,@CNN
131,0.0,Sat Sep 08 19:15:06 +0000 2018,Serena Williams' husband posts video of her long post-baby journey back to the US Open https://t.co/HuBOPVwuvO https://t.co/JufQuc2o5w,1.0,0.0,0.0,32,@CNN
132,-0.8271,Sat Sep 08 19:00:08 +0000 2018,A teen who spent his free time speaking out against gun violence has been shot and killed in Chicago‚Ä¶ https://t.co/Nt2F6PGn76,0.512,0.375,0.113,33,@CNN
133,0.1779,Sat Sep 08 18:45:07 +0000 2018,"As Sweden flirts with the far right, Europe holds its breath https://t.co/m4pw0pwZkq https://t.co/xptULJI6KU",0.876,0.0,0.124,34,@CNN
134,-0.4767,Sat Sep 08 18:30:12 +0000 2018,Why counting calories in a restaurant could be dangerous https://t.co/zcaXCC34aK (via @CNNOpinion) https://t.co/njChUlsHfG,0.78,0.22,0.0,35,@CNN
135,-0.2023,Sat Sep 08 18:15:03 +0000 2018,An Egyptian court has upheld death sentences against 75 Muslim Brotherhood members and supporters for their partici‚Ä¶ https://t.co/H48RYQksd4,0.652,0.17,0.178,36,@CNN
136,0.5106,Sat Sep 08 18:00:12 +0000 2018,"Attitudes to free speech are changing, and Steve Bannon has something to do with it https://t.co/TvapvQUALN https://t.co/2pwhmKrwmH",0.829,0.0,0.171,37,@CNN
137,0.0,Sat Sep 08 17:45:06 +0000 2018,Settle in with these weekend reads https://t.co/ujvvKWcWsB https://t.co/1rzIVlkm3u,1.0,0.0,0.0,38,@CNN
138,0.4019,Sat Sep 08 17:30:08 +0000 2018,"""We just want them to be proud."" Marjory Stoneman Douglas football team played their first home game since 17 were‚Ä¶ https://t.co/7XImiu6f1j",0.837,0.0,0.163,39,@CNN
139,0.0,Sat Sep 08 17:15:07 +0000 2018,US officials secretly met with Venezuelan military officers plotting a coup against President Nicolas Maduro‚Ä¶ https://t.co/IVVUeVpfwx,1.0,0.0,0.0,40,@CNN
140,0.6908,Sat Sep 08 17:00:50 +0000 2018,The road to the nation‚Äôs highest court wasn‚Äôt often an easy one. #RBGMovie reveals the inspiring life and career of‚Ä¶ https://t.co/7hsYGjKcG2,0.769,0.0,0.231,41,@CNN
141,-0.5423,Sat Sep 08 16:45:07 +0000 2018,"Where is Osama bin Laden's partner in crime, Ayman al-Zawahiri? https://t.co/rTHCLR0ej2 (via @CNNOpinion) https://t.co/RFsiJkfqoa",0.788,0.212,0.0,42,@CNN
142,-0.6124,Sat Sep 08 16:15:08 +0000 2018,Elon Musk is hurting Tesla with his bizarre behavior https://t.co/CCbVAmV0SL | Analysis by Paul R. La Monica https://t.co/xivKu3Ogy3,0.75,0.25,0.0,43,@CNN
143,0.0258,Sat Sep 08 16:00:05 +0000 2018,Rappers Nicki Minaj and Cardi B get into fight at New York Fashion Week party https://t.co/Xugso0Qh9m https://t.co/IojEAOB8I7,0.725,0.135,0.14,44,@CNN
144,-0.6597,Sat Sep 08 15:45:00 +0000 2018,John Bunn was wrongfully convicted of murder as a teenager and exonerated after 27 years of fighting for his freedo‚Ä¶ https://t.co/DCgw5z5nMY,0.63,0.267,0.104,45,@CNN
145,-0.0516,Sat Sep 08 15:30:08 +0000 2018,Tropical Storm Florence is expected to regain strength as a major hurricane before threatening the US‚Ä¶ https://t.co/WHM19roIRq,0.68,0.165,0.155,46,@CNN
146,0.8176,Sat Sep 08 15:15:06 +0000 2018,"India's second Independence Day set love free, writes Priyanka Borpujari for @CNNOpinion https://t.co/5MDpw8Ky8w https://t.co/pGqSz4Siz3",0.615,0.0,0.385,47,@CNN
147,0.0,Sat Sep 08 15:00:02 +0000 2018,"Netflix's ""Seizure Boy"" is no joke https://t.co/tov8YEazAU | Analysis by Wayne Drash https://t.co/uM7B3eWOhj",0.694,0.153,0.153,48,@CNN
148,-0.8225,Sat Sep 08 14:45:05 +0000 2018,At least a dozen killed in attack on Iranian Kurdish opposition headquarters in Iraq https://t.co/l7Fhbzo9gP https://t.co/iEOrEKRILA,0.631,0.369,0.0,49,@CNN
149,0.0,Sat Sep 08 14:30:10 +0000 2018,British Prime Minister Theresa May revealed details about the movements of two men allegedly dispatched from Moscow‚Ä¶ https://t.co/PTSecwkp6l,1.0,0.0,0.0,50,@CNN
150,0.0,Sat Sep 08 14:23:07 +0000 2018,Former President Barack Obama to headline his first campaign rally of 2018 in California https://t.co/VnehthFB37 https://t.co/aBnAkGHtzM,1.0,0.0,0.0,51,@CNN
151,-0.4767,Sat Sep 08 14:01:00 +0000 2018,An American Airlines flight was diverted due to poor weather conditions so the pilot ordered 40 pizzas and hand-del‚Ä¶ https://t.co/Lb2azbhWOA,0.86,0.14,0.0,52,@CNN
152,-0.296,Sat Sep 08 14:00:09 +0000 2018,This man put up an electric fence near a school bus stop to keep kids off his lawn https://t.co/EIc3Yk0I0K https://t.co/istX3FaliO,0.891,0.109,0.0,53,@CNN
153,-0.3182,Sat Sep 08 13:41:05 +0000 2018,John Bunn spent 27 years wrongly convicted of murder. He wants to spend the rest of his life encouraging inmates to‚Ä¶ https://t.co/WT3DihDECw,0.712,0.167,0.121,54,@CNN
154,-0.7959,Sat Sep 08 13:30:00 +0000 2018,"""We were sick and tired of being sick and tired!"" In the aftermath of Alabama's Senate special election in December‚Ä¶ https://t.co/8RrdJEOwaW",0.576,0.332,0.092,55,@CNN
155,0.34,Sat Sep 08 13:16:03 +0000 2018,A Chinese kindergarten welcomed children back to school at the beginning of term with a pole dancing display https://t.co/4TRZNFPmXr,0.87,0.0,0.13,56,@CNN
156,0.3612,Sat Sep 08 13:01:08 +0000 2018,‚ÄúIt‚Äôs like a cup of coffee in reverse‚Äù: Tesla and SpaceX CEO Elon Musk apparently smoked weed during a live-stream‚Ä¶ https://t.co/Ww1q96xF2b,0.878,0.0,0.122,57,@CNN
157,0.4215,Sat Sep 08 12:46:05 +0000 2018,This California nurse discovered that her colleague was a patient she cared for as a baby 28 years ago‚Ä¶ https://t.co/mtutOU0pqW,0.859,0.0,0.141,58,@CNN
158,-0.1027,Sat Sep 08 12:30:00 +0000 2018,"When she first cast a ballot in a presidential election, she ""had to pay to vote because of the color of my skin.""‚Ä¶ https://t.co/KyO4EeDePI",0.938,0.062,0.0,59,@CNN
159,0.6697,Sat Sep 08 12:16:05 +0000 2018,"Schools in the United States now have more security guards than social workers, according to a new study‚Ä¶ https://t.co/x7vqXEm8wN",0.744,0.0,0.256,60,@CNN
160,0.7096,Sat Sep 08 12:01:00 +0000 2018,"A widow only had $3 for gas, so a cop pumped an extra $20 into the tank and inspired others to help her‚Ä¶ https://t.co/ZIjj8ovNwt",0.772,0.0,0.228,61,@CNN
161,0.0,Sat Sep 08 11:46:03 +0000 2018,"Archaeologists believe they have unearthed one of Egypt's oldest-known settlements in the Nile Delta, dating back s‚Ä¶ https://t.co/64Yalc2ZeN",1.0,0.0,0.0,62,@CNN
162,0.34,Sat Sep 08 11:01:05 +0000 2018,"Airport security trays carry more germs than toilets, a new study finds https://t.co/L4tDLoEq5G https://t.co/hDA1TGlVWA",0.833,0.0,0.167,63,@CNN
163,0.4939,Sat Sep 08 11:00:00 +0000 2018,"Gina Ortiz Jones is an LGBTQ Iraq war veteran running for office, hoping to help protect the rights of those margin‚Ä¶ https://t.co/uhHBRgwJN9",0.6,0.13,0.27,64,@CNN
164,0.0516,Sat Sep 08 10:31:00 +0000 2018,"‚ÄúYou can‚Äôt shame people for trying to make an honest living,‚Äù says former ""Cosby Show"" actor Geoffrey Owens, respon‚Ä¶ https://t.co/Pe8aX7QZIF",0.738,0.127,0.135,65,@CNN
165,0.0,Sat Sep 08 10:01:02 +0000 2018,She sits at her computer all day scrubbing the internet of photos and videos published without the subject's permis‚Ä¶ https://t.co/jRFdLUgder,1.0,0.0,0.0,66,@CNN
166,0.0772,Sat Sep 08 09:31:00 +0000 2018,"There's no place like home. A pair of ruby slippers Judy Garland wore in ""The Wizard of Oz"" were found 13 years aft‚Ä¶ https://t.co/YExfVYA8ds",0.817,0.086,0.097,67,@CNN
167,0.0,Sat Sep 08 09:01:06 +0000 2018,"More than a century ago, Frank Bennett Fiske had a photography studio at Fort Yates, a US Army post in the middle o‚Ä¶ https://t.co/0N8yxvcQU4",1.0,0.0,0.0,68,@CNN
168,0.0,Sat Sep 08 08:46:04 +0000 2018,"The world is full of buttons that don't actually do anything.

They're at crosswalks, in elevators, and on thermost‚Ä¶ https://t.co/qFOJJK07MY",1.0,0.0,0.0,69,@CNN
169,0.0,Sat Sep 08 08:31:00 +0000 2018,This Harry's factory in Germany makes 3 million razor blades -- every single day https://t.co/MELRtwCDht https://t.co/YLDCtKAPjK,1.0,0.0,0.0,70,@CNN
170,0.34,Sat Sep 08 08:16:04 +0000 2018,Travelers seeking amazing views rarely head underground. But a new hotel in China is set to open soon inside a form‚Ä¶ https://t.co/oTA8fCTs4z,0.888,0.0,0.112,71,@CNN
171,-0.5423,Sat Sep 08 08:01:04 +0000 2018,Same-sex relationships are still a crime in 69 countries https://t.co/j6wBSlj2kh https://t.co/GpE6jO6VJO,0.72,0.28,0.0,72,@CNN
172,0.0772,Sat Sep 08 07:46:02 +0000 2018,"Whitney Austin was shot 12 times as she walked to work. She lived, thanks to emergency workers‚Ä¶ https://t.co/MtS3wtLBYx",0.744,0.121,0.135,73,@CNN
173,0.4939,Sat Sep 08 07:31:00 +0000 2018,A Wisconsin man discovered that a co-worker and friend of two years is actually his biological father‚Ä¶ https://t.co/XbE9NFS9jC,0.824,0.0,0.176,74,@CNN
174,0.6808,Sat Sep 08 07:16:03 +0000 2018,A former Buddhist monk is trying to help the world relax with an app https://t.co/jDpqSaY24Y https://t.co/DiNQqRDAeF,0.699,0.0,0.301,75,@CNN
175,-0.25,Sat Sep 08 07:01:03 +0000 2018,"A condition known as black hairy tongue has been linked with certain medications, conditions and poor oral health.‚Ä¶ https://t.co/leEcpzjH8y",0.755,0.146,0.099,76,@CNN
176,0.4939,Sat Sep 08 06:46:06 +0000 2018,"This new, environmentally friendly six-pack doesn't require any plastic rings https://t.co/pUlj1wnzhp https://t.co/kNToH0rf9F",0.775,0.0,0.225,77,@CNN
177,-0.5994,Sat Sep 08 06:31:00 +0000 2018,20 things to eat before you die: https://t.co/Pj421cgKsJ https://t.co/ouxABnJUgm,0.672,0.328,0.0,78,@CNN
178,0.0,Sat Sep 08 06:16:06 +0000 2018,"More baby boomers are turning to marijuana, a new study says https://t.co/ySbt2KpdKs https://t.co/piXY0gidDz",1.0,0.0,0.0,79,@CNN
179,0.4767,Sat Sep 08 06:01:03 +0000 2018,"Cindy McCain is urging people to ""get into the arena and fight"" for a greater cause as a way to honor her late husb‚Ä¶ https://t.co/UEKtvRViIW",0.707,0.092,0.201,80,@CNN
180,0.7506,Sat Sep 08 05:51:16 +0000 2018,"Students at Luck High School in Wisconsin got a huge surprise when, on the first day of classes, an area businessma‚Ä¶ https://t.co/J94GINcuDj",0.709,0.0,0.291,81,@CNN
181,0.4019,Sat Sep 08 05:46:06 +0000 2018,"Adhering to the Mediterranean diet can help prolong your life, even if you are already 65 or older, a new study sug‚Ä¶ https://t.co/1XPfAla7yi",0.886,0.0,0.114,82,@CNN
182,-0.0516,Sat Sep 08 05:32:57 +0000 2018,"RT @CNNTonight: ""I was not trying to protest."" This high school student was nicknamed #PlaidShirtGuy after he was asked to leave a Trump ra‚Ä¶",0.948,0.052,0.0,83,@CNN
183,0.0,Sat Sep 08 05:31:00 +0000 2018,Did you know the biggest home in America is also a working farm? This is homegrown cuisine at the Biltmore estate:‚Ä¶ https://t.co/sl6c9VxIHR,1.0,0.0,0.0,84,@CNN
184,-0.2263,Sat Sep 08 05:16:02 +0000 2018,A watchdog group filed a lawsuit this week seeking documents from the US Department of Agriculture about experiment‚Ä¶ https://t.co/Y31Viz0WvA,0.894,0.106,0.0,85,@CNN
185,0.0,Sat Sep 08 05:01:05 +0000 2018,"Elon Musk's latest podcast appearance involved a joint, whiskey, a Samurai sword and long conversations about artif‚Ä¶ https://t.co/bm6QZpuRxd",1.0,0.0,0.0,86,@CNN
186,0.0,Sat Sep 08 04:51:02 +0000 2018,Aides to President Trump believe they have the search for the anonymous author of the New York Times op-ed that sho‚Ä¶ https://t.co/LOKtneDFV1,1.0,0.0,0.0,87,@CNN
187,0.0,Sat Sep 08 04:46:01 +0000 2018,"Geoffrey Owens has gone from being job-shamed to landing a major Hollywood gig. The former ""Cosby Show"" actor has a‚Ä¶ https://t.co/teFDm7sZtm",1.0,0.0,0.0,88,@CNN
188,0.4019,Sat Sep 08 04:31:00 +0000 2018,"Goodyear‚Äôs new blimp, the Wingfoot Three, features some special upgrades https://t.co/W8jS9H86Te https://t.co/6wzInjoZKU",0.803,0.0,0.197,89,@CNN
189,0.0,Sat Sep 08 04:16:04 +0000 2018,A government photographer told investigators that he cropped photos of President Trump's inauguration to remove emp‚Ä¶ https://t.co/OMa5hPlyU8,1.0,0.0,0.0,90,@CNN
190,-0.6486,Sat Sep 08 04:01:02 +0000 2018,Rapper Mac Miller's sudden death at age 26 has left the music community stunned https://t.co/16Wa500YmF https://t.co/a2OLPMX2ZL,0.725,0.275,0.0,91,@CNN
191,0.0,Sat Sep 08 03:46:06 +0000 2018,"Nicki Minaj plans on donating $25,000 to 'Cosby Show' actor Geoffrey Owens https://t.co/8YHJNuZz7J https://t.co/tRbZ8ahiEq",1.0,0.0,0.0,92,@CNN
192,0.0,Sat Sep 08 03:39:22 +0000 2018,"""At the time, perhaps I wanted to distance myself from this investigation that pinned me between the [Department of‚Ä¶ https://t.co/yHlaS6S6Bp",1.0,0.0,0.0,93,@CNN
193,-0.34,Sat Sep 08 03:36:52 +0000 2018,"George Papadopoulos contradicts Jeff Sessions' testimony to Congress by telling @JakeTapper Sessions was ""enthusias‚Ä¶ https://t.co/hQfyMuGx5K",0.854,0.146,0.0,94,@CNN
194,-0.7579,Sat Sep 08 03:31:04 +0000 2018,An off-duty Dallas police officer mistakenly walked into an apartment she thought was her own and shot a man dead T‚Ä¶ https://t.co/tyjEd7m3ft,0.745,0.255,0.0,95,@CNN
195,0.7096,Sat Sep 08 03:17:11 +0000 2018,"A widow only had $3 for gas, so a cop pumped an extra $20 into the tank and inspired others to help her‚Ä¶ https://t.co/gOxHywsTxn",0.772,0.0,0.228,96,@CNN
196,-0.1877,Sat Sep 08 03:15:40 +0000 2018,"George Papadopoulos tells @JakeTapper he ""can't guarantee"" he didn't tell the Trump campaign about Russian dirt.‚Ä¶ https://t.co/GLKeJOzAKC",0.902,0.098,0.0,97,@CNN
197,-0.5499,Sat Sep 08 03:09:35 +0000 2018,RT @CuomoPrimeTime: ‚ÄúI‚Äôm all for theatrics‚Ä¶ but you‚Äôve got to deliver‚Ä¶ you can‚Äôt find yourself in a spot where you lose credibility because‚Ä¶,0.855,0.145,0.0,98,@CNN
198,-0.4767,Sat Sep 08 03:01:00 +0000 2018,An American Airlines flight was diverted due to poor weather conditions so the pilot ordered 40 pizzas and hand-del‚Ä¶ https://t.co/NR6XRwm3eV,0.86,0.14,0.0,99,@CNN
199,0.6124,Sat Sep 08 02:58:19 +0000 2018,Michael Cohen's shell company agrees to tear up its agreement with Stormy Daniels and expects her to give back the‚Ä¶ https://t.co/g6TaTSVfRr,0.792,0.0,0.208,100,@CNN
200,0.4019,Sun Sep 09 03:48:04 +0000 2018,OxyContin maker gets patent for drug to treat opioid addiction https://t.co/wgtNEE1ESU https://t.co/XilH5UrFQh,0.803,0.0,0.197,1,@CBSNews
201,0.2732,Sun Sep 09 03:33:03 +0000 2018,Company set up by Michael Cohen offers to drop Stormy Daniels‚Äô hush-money agreement https://t.co/Gi0XIpLLr0 https://t.co/1DlLFZs4O3,0.71,0.115,0.175,2,@CBSNews
202,0.0,Sun Sep 09 03:18:04 +0000 2018,Florence expected to become a hurricane as it approaches East Coast https://t.co/8gGdYoOoBQ https://t.co/tUk7tpl4nw,1.0,0.0,0.0,3,@CBSNews
203,0.0,Sun Sep 09 03:03:04 +0000 2018,"U.S., U.K. authorities to work more closely on ending female genital mutilation https://t.co/W1kpar1Ge6 https://t.co/ZtigFB324U",1.0,0.0,0.0,4,@CBSNews
204,0.5106,Sun Sep 09 03:00:30 +0000 2018,"Kate Spade, the company, honors namesake founder at New York Fashion Week https://t.co/H8HJqd77Mc https://t.co/ggjeOgWQpP",0.798,0.0,0.202,5,@CBSNews
205,0.0,Sun Sep 09 02:48:05 +0000 2018,"Obama says Trump is ""a symptom, not the cause"" of division https://t.co/CuHneuFVBK https://t.co/oPIcuL0RNX",1.0,0.0,0.0,6,@CBSNews
206,0.4019,Sun Sep 09 02:33:04 +0000 2018,Cardi B and Nicki Minaj involved in altercation at New York Fashion Week party https://t.co/YG6TY8HAMv https://t.co/rQPsbKiA5M,0.838,0.0,0.162,7,@CBSNews
207,-0.6249,Sun Sep 09 02:18:03 +0000 2018,"For a TV anchor who covered the opioid crisis for years, the story becomes personal https://t.co/5hthHHbceP https://t.co/4JpUlbVC41",0.785,0.215,0.0,8,@CBSNews
208,-0.6369,Sun Sep 09 02:14:06 +0000 2018,Amber Guyger identified as Dallas officer who fatally shot man in his apartment https://t.co/ezScKkPFqt https://t.co/zkSJbkx74l,0.769,0.231,0.0,9,@CBSNews
209,0.4939,Sun Sep 09 02:03:04 +0000 2018,"Blue macaw parrot that inspired ""Rio"" is now officially extinct in the wild https://t.co/twWnjuY7xr https://t.co/cbkxHpGno5",0.814,0.0,0.186,10,@CBSNews
210,-0.1531,Sun Sep 09 01:48:04 +0000 2018,"Miss America contestant says President Trump has ""caused a lot of division"" https://t.co/Wj8D0h9Izi https://t.co/uhJRORvPfm",0.882,0.118,0.0,11,@CBSNews
211,-0.5719,Sun Sep 09 01:42:07 +0000 2018,"Woman, toddler drown in flash flooding in north Texas, police say https://t.co/ul2yz9laAj https://t.co/XZWmUFfDfx",0.764,0.236,0.0,12,@CBSNews
212,0.0,Sun Sep 09 01:33:03 +0000 2018,Tiger Woods calls Nike‚Äôs Colin Kaepernick ad a ‚Äúbeautiful spot‚Äù https://t.co/cO457OlaeR https://t.co/pOyLI6CkL3,1.0,0.0,0.0,13,@CBSNews
213,0.0,Sun Sep 09 01:18:05 +0000 2018,More aging baby boomers turning to pot https://t.co/gbijClC5Xv https://t.co/BpPnj8p5kF,1.0,0.0,0.0,14,@CBSNews
214,0.0,Sun Sep 09 01:03:03 +0000 2018,"Nicki Minaj says she‚Äôs donating $25,000 to Geoffrey Owens https://t.co/AP1EXEvGZu https://t.co/XFqVX9tnK3",1.0,0.0,0.0,15,@CBSNews
215,0.25,Sun Sep 09 00:54:06 +0000 2018,Teen accused of pushing friend off bridge appears in court https://t.co/zCTl3wUIfx https://t.co/F2cgUaj4eN,0.649,0.143,0.208,16,@CBSNews
216,0.0,Sun Sep 09 00:48:04 +0000 2018,"Michigan man discovers glowing, florescent rocks called ""Yooperlites"" https://t.co/KuhcL75Vib https://t.co/TKbA8N1EWk",1.0,0.0,0.0,17,@CBSNews
217,0.0,Sun Sep 09 00:33:04 +0000 2018,Obama's full speech on the state of American democracy https://t.co/42oc1wshMq https://t.co/O3nEJmkSAp,1.0,0.0,0.0,18,@CBSNews
218,-0.8316,Sun Sep 09 00:26:05 +0000 2018,"Three arrested in connection with double murder of North Carolina mayor, wife https://t.co/DOeh3ohPTD https://t.co/PEdh8vAn94",0.606,0.394,0.0,19,@CBSNews
219,0.0,Sun Sep 09 00:18:03 +0000 2018,"Nike sales surge despite storm over Colin Kaepernick's ""Just Do It"" ad https://t.co/3S2OOeuBFb https://t.co/nBv9PPKsnb",1.0,0.0,0.0,20,@CBSNews
220,0.0,Sun Sep 09 00:10:07 +0000 2018,California's firefighting agency says it's running out of money https://t.co/ZWpWMzh1ya https://t.co/dF9ulQJst8,1.0,0.0,0.0,21,@CBSNews
221,-0.6093,Sun Sep 09 00:03:03 +0000 2018,"GOAT -- no, not that kind -- among 840 words added to Merriam-Webster dictionary https://t.co/zNoODCTW30 https://t.co/eRPR3IZj3s",0.738,0.262,0.0,22,@CBSNews
222,0.4588,Sat Sep 08 23:48:03 +0000 2018,"Paul McCartney gives ""secret concert"" at NYC's Grand Central https://t.co/qyp5VsViMa https://t.co/eJFZwgOPa7",0.769,0.0,0.231,23,@CBSNews
223,0.0,Sat Sep 08 23:33:03 +0000 2018,What we've learned about Brett Kavanaugh from his confirmation hearings https://t.co/PY01vci60k https://t.co/ojxWKLYojd,1.0,0.0,0.0,24,@CBSNews
224,0.4019,Sat Sep 08 23:18:03 +0000 2018,"GOP Sen. Ben Sasse says he ""regularly"" considers leaving the Republican Party https://t.co/dUZMO48GCf https://t.co/zYgdMOOOSj",0.828,0.0,0.172,25,@CBSNews
225,0.0,Sat Sep 08 23:03:03 +0000 2018,"U.S. says Maria Butina should not be released on bail, may be ‚Äúmistaken‚Äù over texts that led to sex claim‚Ä¶ https://t.co/wuy9fENXjd",1.0,0.0,0.0,26,@CBSNews
226,0.0,Sat Sep 08 22:40:36 +0000 2018,"""You can feel people saying enough is enough."" President Obama rallied for Democratic congressional candidates in C‚Ä¶ https://t.co/IquvmnTwHh",1.0,0.0,0.0,27,@CBSNews
227,-0.4404,Sat Sep 08 22:19:49 +0000 2018,The mother of the man killed in his own home by a Dallas police officer suggests he might still be alive if he were‚Ä¶ https://t.co/MoCA2a8dic,0.756,0.155,0.089,28,@CBSNews
228,0.7964,Sat Sep 08 22:08:37 +0000 2018,"JUST IN: Naomi Osaka is now the first Japanese player to win a U.S. Open Grand Slam singles championship, after a c‚Ä¶ https://t.co/COzST0cSrt",0.58,0.089,0.331,29,@CBSNews
229,0.0,Sat Sep 08 22:00:47 +0000 2018,#PlaidShirtGuy: Take a look at some of the faces from the Montana teen who went viral for making a silent scene beh‚Ä¶ https://t.co/4nmGJydIJ7,1.0,0.0,0.0,30,@CBSNews
230,-0.1007,Sat Sep 08 21:59:03 +0000 2018,"""I don't cheat to win, I'd rather lose"": Serena Williams tearfully demands apology from umpire who penalized her be‚Ä¶ https://t.co/AToXxQOzsc",0.716,0.129,0.155,31,@CBSNews
231,0.6399,Sat Sep 08 21:46:26 +0000 2018,"RT @CBSThisMorning: ALL ABOARD! ""Thomas &amp; Friends"" is getting a makeover and it includes new female main characters: https://t.co/luin2vSJ0‚Ä¶",0.754,0.0,0.246,32,@CBSNews
232,0.2023,Sat Sep 08 21:40:01 +0000 2018,A 2006 letter from a top Vatican official confirms that the Holy See received information about the sexual miscondu‚Ä¶ https://t.co/MCrnCARmJE,0.904,0.0,0.096,33,@CBSNews
233,0.0,Sat Sep 08 21:19:41 +0000 2018,"Sunday on @FaceTheNation, Vice President Mike Pence discusses the anonymous op-ed from a Trump official and denies‚Ä¶ https://t.co/p0qDAEjcvP",1.0,0.0,0.0,34,@CBSNews
234,0.0,Sat Sep 08 20:59:40 +0000 2018,Tropical Storm Florence is expected to become a major hurricane by Tuesday as it nears the East Coast‚Ä¶ https://t.co/pw1Hxerc5W,1.0,0.0,0.0,35,@CBSNews
235,0.0,Sat Sep 08 20:41:04 +0000 2018,"RT @FaceTheNation: 2/ ""I think the author of the anonymous editorial and frankly The New York Times should be ashamed,"" @VP Mike Pence told‚Ä¶",1.0,0.0,0.0,36,@CBSNews
236,-0.8555,Sat Sep 08 20:39:51 +0000 2018,Katyusha rockets fired at Basra airport in Iraq after violent night of protests https://t.co/4GERVspV37 https://t.co/ws8SdGfcGc,0.561,0.439,0.0,37,@CBSNews
237,0.0,Sat Sep 08 20:19:31 +0000 2018,"The U.S. government said an alleged Russian agent offered sex for political access. Now it says that claim was ""mis‚Ä¶ https://t.co/X3U2HgWDSt",1.0,0.0,0.0,38,@CBSNews
238,-0.4939,Sat Sep 08 20:00:01 +0000 2018,A New York City subway station destroyed on 9/11 has reopened nearly 17 years after the attacks‚Ä¶ https://t.co/5LxiEt0RVe,0.833,0.167,0.0,39,@CBSNews
239,-0.7612,Sat Sep 08 19:37:51 +0000 2018,"Obama: ""The biggest threat to our democracy...it's not one individual. It's not one big Super PAC, billionaires. It‚Ä¶ https://t.co/3bXAcgFGSF",0.722,0.278,0.0,40,@CBSNews
240,0.7269,Sat Sep 08 19:31:01 +0000 2018,"""The good news is, in two months, we have a chance to restore some sanity in our politics...You can feel people say‚Ä¶ https://t.co/LoZgj3zWSb",0.728,0.0,0.272,41,@CBSNews
241,0.0,Sat Sep 08 19:24:50 +0000 2018,"Obama: ""This is a government for everybody. It's not an office for sale. This is what we believe in""‚Ä¶ https://t.co/Kyo1tWQA3F",1.0,0.0,0.0,42,@CBSNews
242,0.5267,Sat Sep 08 19:19:55 +0000 2018,"Obama: ""It's always tempting for politicians, for their own gain, and for people in power, to try to see if they ca‚Ä¶ https://t.co/OoffjMVpsh",0.866,0.0,0.134,43,@CBSNews
243,-0.296,Sat Sep 08 19:15:29 +0000 2018,"""I was booted from the Magic Kingdom."" Obama tells California crowd about his rebellious college visit to Disneylan‚Ä¶ https://t.co/UevykhbRPC",0.891,0.109,0.0,44,@CBSNews
244,0.0,Sat Sep 08 19:13:40 +0000 2018,"Speaking in Anaheim, California, Obama begins by recalling a childhood trip to Disneyland: ""It was the bomb""‚Ä¶ https://t.co/QTtFokqQDf",1.0,0.0,0.0,45,@CBSNews
245,0.0,Sat Sep 08 19:08:07 +0000 2018,"WATCH LIVE: Former President Barack Obama speaks at California rally for Democratic congressional candidates, one d‚Ä¶ https://t.co/lPrPjs6rgG",1.0,0.0,0.0,46,@CBSNews
246,0.0,Sat Sep 08 18:39:30 +0000 2018,"""We all speak the same when it comes down to cooking."" Houston chef discusses how his family history and European t‚Ä¶ https://t.co/ucfpE2OGv0",1.0,0.0,0.0,47,@CBSNews
247,0.0,Sat Sep 08 18:19:34 +0000 2018,"""Let's get back to what we do"": Sports stars reflect on how games helped the nation heal after 9/11‚Ä¶ https://t.co/f65z3acAQj",1.0,0.0,0.0,48,@CBSNews
248,-0.7783,Sat Sep 08 18:00:01 +0000 2018,Serial dine-and-dash suspect faces felony charges for allegedly ditching women when the check came‚Ä¶ https://t.co/F9WEaPzReI,0.606,0.394,0.0,49,@CBSNews
249,0.0,Sat Sep 08 17:39:47 +0000 2018,"Italians react to the country's first Starbucks: ""This is for tourists. Come on"" https://t.co/1IEl3nUKLt https://t.co/xTIfDYPIWr",1.0,0.0,0.0,50,@CBSNews
250,0.6705,Sat Sep 08 17:19:47 +0000 2018,"TICKET TO RIDE: Paul McCartney plays an exclusive, hour-long set at New York's Grand Central Terminal https://t.co/PD6UH57UQl",0.683,0.0,0.317,51,@CBSNews
251,0.0,Sat Sep 08 17:00:00 +0000 2018,"Apple App Store removes Alex Jones' Infowars app, one day after Twitter permanently bans him https://t.co/Eon0ZCqe8Y https://t.co/xl7sVZ9BBe",1.0,0.0,0.0,52,@CBSNews
252,0.2103,Sat Sep 08 16:39:31 +0000 2018,ALL ABOARD: How the Thomas the Tank Engine show is including female characters and themes of gender equality‚Ä¶ https://t.co/ByZNOwkUCt,0.908,0.0,0.092,53,@CBSNews
253,0.3254,Sat Sep 08 16:20:05 +0000 2018,BE CAREFUL: Cardi B and Nicki Minaj get into physical altercation at New York Fashion Week https://t.co/7W5jD9KeOi https://t.co/eqAycDHhJg,0.873,0.0,0.127,54,@CBSNews
254,0.4939,Sat Sep 08 16:00:06 +0000 2018,"Blue macaw parrot that inspired ""Rio"" is now officially extinct in the wild https://t.co/Us88Kwy63R https://t.co/RCOn41qbb0",0.814,0.0,0.186,55,@CBSNews
255,0.4019,Sat Sep 08 15:39:39 +0000 2018,"GOP Sen. Ben Sasse says he ""regularly"" considers leaving the Republican Party https://t.co/I3lSmaFxun https://t.co/3BDlL8b5FH",0.828,0.0,0.172,56,@CBSNews
256,-0.1531,Sat Sep 08 15:19:41 +0000 2018,"Miss America contestant says President Trump has ""caused a lot of division"" https://t.co/RvxxAXC1aS https://t.co/X55QcGVezF",0.882,0.118,0.0,57,@CBSNews
257,0.0,Sat Sep 08 15:00:01 +0000 2018,"What we've learned about Brett Kavanaugh from his confirmation hearings:
https://t.co/cABwtiSnIu https://t.co/sp1PpgoeQu",1.0,0.0,0.0,58,@CBSNews
258,-0.4019,Sat Sep 08 14:39:47 +0000 2018,Nearly every element in President Trump's trouble has a Watergate parallel https://t.co/tcOAjC2NOo https://t.co/FOnznHmpmR,0.803,0.197,0.0,59,@CBSNews
259,0.0,Sat Sep 08 14:20:06 +0000 2018,Montana teen removed from President Trump's Montana rally goes viral as #PlaidShirtGuy https://t.co/LDNQWVt7nu https://t.co/WWtfLz0XcS,1.0,0.0,0.0,60,@CBSNews
260,0.2732,Sat Sep 08 14:00:45 +0000 2018,Company set up by Michael Cohen offers to drop Stormy Daniels' hush-money agreement https://t.co/zplrPCFxYL https://t.co/IjxpSpW0j1,0.71,0.115,0.175,61,@CBSNews
261,0.0,Sat Sep 08 13:39:48 +0000 2018,Nicki Minaj and Cardi B were involved in an altercation Friday night that got physical at a New York Fashion Week p‚Ä¶ https://t.co/xA5t5tUUj8,1.0,0.0,0.0,62,@CBSNews
262,-0.4404,Sat Sep 08 13:19:55 +0000 2018,"Egypt court sentences 75 people to death, including top leaders of outlawed Muslim Brotherhood, for their involveme‚Ä¶ https://t.co/hiu1OZu5b9",0.685,0.178,0.137,63,@CBSNews
263,0.4019,Sat Sep 08 13:03:06 +0000 2018,OxyContin maker gets patent for drug to treat opioid addiction https://t.co/MWkudBM4XE https://t.co/m2MKT8GkZ2,0.803,0.0,0.197,64,@CBSNews
264,0.4939,Sat Sep 08 12:48:06 +0000 2018,"Blue macaw parrot that inspired ""Rio"" is now officially extinct in the wild https://t.co/1SRlDuU6vy https://t.co/tK82jGDHCJ",0.814,0.0,0.186,65,@CBSNews
265,0.4588,Sat Sep 08 12:33:05 +0000 2018,"Paul McCartney gives ""secret concert"" at NYC's Grand Central https://t.co/7DqcGr740j https://t.co/BHtFafP8FJ",0.769,0.0,0.231,66,@CBSNews
266,0.4019,Sat Sep 08 12:30:18 +0000 2018,Cardi B and Nicki Minaj involved in altercation at New York Fashion Week party https://t.co/8PY8UlQ8LV https://t.co/Qj83OiunIh,0.838,0.0,0.162,67,@CBSNews
267,0.0,Sat Sep 08 12:18:07 +0000 2018,"Nike sales surge despite storm over Colin Kaepernick's ""Just Do It"" ad https://t.co/2cO2466vNC https://t.co/ECmtoDul5r",1.0,0.0,0.0,68,@CBSNews
268,-0.296,Sat Sep 08 12:03:06 +0000 2018,2006 letter confirms Vatican received complaint about ex-cardinal https://t.co/9sBGqTYdno https://t.co/4bWmugeaha,0.804,0.196,0.0,69,@CBSNews
269,0.0,Sat Sep 08 11:48:09 +0000 2018,Hurricane Olivia: Another storm heads toward Hawaii https://t.co/NW5YZ43I2j https://t.co/UxHuUtV91p,1.0,0.0,0.0,70,@CBSNews
270,-0.8555,Sat Sep 08 11:40:08 +0000 2018,"Katyusha rockets fired at Basra airport in Iraq after violent night of protests, official says‚Ä¶ https://t.co/KJOSp2ZEx6",0.58,0.42,0.0,71,@CBSNews
271,0.0,Sat Sep 08 11:33:05 +0000 2018,Montana teen removed from Trump's rally goes viral as #PlaidShirtGuy https://t.co/6JE3cXaF9x https://t.co/pZt3StLy7h,1.0,0.0,0.0,72,@CBSNews
272,0.0,Sat Sep 08 11:18:03 +0000 2018,Twitter permanently bans Alex Jones and Infowars https://t.co/R8hk9C1bUb https://t.co/ChdZR41bbo,1.0,0.0,0.0,73,@CBSNews
273,-0.4019,Sat Sep 08 11:03:03 +0000 2018,Fights over teacher salaries and working conditions escalate along West Coast https://t.co/c8LkxmUqif https://t.co/X7xLXFzpKA,0.816,0.184,0.0,74,@CBSNews
274,0.0,Sat Sep 08 10:48:03 +0000 2018,"Trump speculates about author of ""unfair"" op-ed https://t.co/isyQdofhFY https://t.co/g61f20oflw",1.0,0.0,0.0,75,@CBSNews
275,0.1531,Sat Sep 08 10:33:03 +0000 2018,U.S. fighter jets intercept 2 Russian bombers over Arctic Ocean https://t.co/0zJ6Stc828 https://t.co/vffLWUQWPr,0.862,0.0,0.138,76,@CBSNews
276,0.0,Sat Sep 08 10:18:04 +0000 2018,What it takes to be middle class in America https://t.co/BNHkuOy4vO https://t.co/FOkQlrf4yl,1.0,0.0,0.0,77,@CBSNews
277,0.128,Sat Sep 08 10:03:05 +0000 2018,"Unless we learn to argue better, we will become a nation of grudge holders https://t.co/X68Gq53Eth https://t.co/4OSS7mNB7E",0.71,0.131,0.158,78,@CBSNews
278,-0.4767,Sat Sep 08 09:48:03 +0000 2018,"Debra Van Horn, former trainer who worked with Larry Nassar, arrested at Texas airport https://t.co/drNUnQ2URU https://t.co/K3Vr7bMf6U",0.829,0.171,0.0,79,@CBSNews
279,-0.4215,Sat Sep 08 09:33:03 +0000 2018,Police detain black teen riding with his white grandmother after reports of robbery attempt https://t.co/D6nCjDy6fc https://t.co/TjGpLMT5BF,0.843,0.157,0.0,80,@CBSNews
280,-0.34,Sat Sep 08 09:18:04 +0000 2018,"Cincinnati shooter's gun jammed during four-minute rampage, police say https://t.co/xTcqfdbvFm https://t.co/PpXI8jxLwA",0.806,0.194,0.0,81,@CBSNews
281,-0.5574,Sat Sep 08 09:03:06 +0000 2018,"Trump's trade wars: How we got here, and where things are headed next https://t.co/JB7Jd9bUZK https://t.co/HSueHmOVs2",0.795,0.205,0.0,82,@CBSNews
282,-0.765,Sat Sep 08 08:48:04 +0000 2018,"Jason Hairston, former NFL player and friend of Donald Trump Jr., dead in apparent suicide https://t.co/0xd0NRMLDU https://t.co/SpqutDJBH7",0.538,0.338,0.123,83,@CBSNews
283,0.0,Sat Sep 08 08:33:03 +0000 2018,Witnesses testify in final day of Brett Kavanaugh confirmation hearings https://t.co/Am5PaFtukx https://t.co/u722fsKQBw,1.0,0.0,0.0,84,@CBSNews
284,-0.6705,Sat Sep 08 08:18:03 +0000 2018,Police: Warrant sought for officer who mistook apartment for her own; killed neighbor https://t.co/fz3VwdI0dl https://t.co/xoVV4dNnim,0.757,0.243,0.0,85,@CBSNews
285,0.0,Sat Sep 08 08:03:03 +0000 2018,Obama's full speech on the state of American democracy https://t.co/0zArIVR0Bi https://t.co/BSHqwVBe03,1.0,0.0,0.0,86,@CBSNews
286,-0.1027,Sat Sep 08 07:48:03 +0000 2018,"Gwyneth Paltrow's Goop to pay $145,000 over claims its vaginal eggs have health perks https://t.co/dIIhDGZd9Y https://t.co/W0aJSfaGfX",0.915,0.085,0.0,87,@CBSNews
287,-0.1027,Sat Sep 08 07:33:03 +0000 2018,"Gwyneth Paltrow's Goop to pay $145,000 over claims its vaginal eggs have health perks https://t.co/dIIhDGZd9Y https://t.co/vvn3ADadEj",0.915,0.085,0.0,88,@CBSNews
288,-0.4767,Sat Sep 08 07:18:04 +0000 2018,"""Look at all the fake news back there"": Trump speaks at rally one day after explosive op-ed https://t.co/L7dfY9xAya https://t.co/aGoRflSGPs",0.853,0.147,0.0,89,@CBSNews
289,-0.5267,Sat Sep 08 07:03:03 +0000 2018,George Papadopoulos sentenced to 14 days in prison in Russia probe https://t.co/9Z5aSaIYDn https://t.co/LpmelCVWS2,0.714,0.286,0.0,90,@CBSNews
290,-0.6249,Sat Sep 08 06:48:03 +0000 2018,"For a TV anchor who covered the opioid crisis for years, the story becomes personal https://t.co/INwKvTcZwN https://t.co/kw2mwKyMUK",0.785,0.215,0.0,91,@CBSNews
291,-0.0516,Sat Sep 08 06:33:03 +0000 2018,School resource officer put on leave after using Taser to wake sleeping student https://t.co/xb1a3w2RLh https://t.co/HVMYsZ34Xr,0.921,0.079,0.0,92,@CBSNews
292,-0.6808,Sat Sep 08 06:18:04 +0000 2018,"U.S. woman, son fighting for lives after giraffe attack https://t.co/OijcmJzgnX https://t.co/BSMEetGQZs",0.616,0.384,0.0,93,@CBSNews
293,0.0,Sat Sep 08 06:03:04 +0000 2018,More aging baby boomers turning to pot https://t.co/znpf30FYLC https://t.co/YzO39gwN0g,1.0,0.0,0.0,94,@CBSNews
294,0.4588,Sat Sep 08 05:54:06 +0000 2018,"Paul McCartney gives ""secret concert"" at NYC's Grand Central https://t.co/7DgpyP8AiR https://t.co/pHdFoW91W0",0.769,0.0,0.231,95,@CBSNews
295,0.8074,Sat Sep 08 05:48:03 +0000 2018,"Female scientist finally honored for ""breakthrough"" donates $3M award https://t.co/OrY4l63mVu https://t.co/KPrTIIPu2T",0.552,0.0,0.448,96,@CBSNews
296,0.0,Sat Sep 08 05:33:03 +0000 2018,Tesla's Elon Musk appears to smoke weed in Joe Rogan live interview https://t.co/irlEEFNtTR https://t.co/tYeyx6jGNt,1.0,0.0,0.0,97,@CBSNews
297,0.0,Sat Sep 08 05:24:05 +0000 2018,Montana teen removed from Trump's rally goes viral as #PlaidShirtGuy https://t.co/8OeeYMOoUh https://t.co/nIgQNzVBON,1.0,0.0,0.0,98,@CBSNews
298,-0.7003,Sat Sep 08 05:18:03 +0000 2018,French rebel priest takes on church hierarchy over sex abuse https://t.co/f6R9q56eNJ https://t.co/t8ivvZGG6u,0.633,0.367,0.0,99,@CBSNews
299,0.0,Sat Sep 08 05:03:05 +0000 2018,What it takes to be middle class in America https://t.co/eiEQM1pXeQ https://t.co/azc9WAjF5e,1.0,0.0,0.0,100,@CBSNews
300,0.0,Sun Sep 09 03:50:00 +0000 2018,New Hampshire man fined $124 for kicking seagull that tried to eat his cheeseburger https://t.co/8HhqTIUk5t,1.0,0.0,0.0,1,@FoxNews
301,0.8271,Sun Sep 09 03:42:00 +0000 2018,".@nedryun: Kavanaugh might be the left's nightmare, but he will restore the Supreme Court to its proper role https://t.co/DLstxfr87f",0.688,0.0,0.312,2,@FoxNews
302,-0.296,Sun Sep 09 03:34:00 +0000 2018,"Florida police 'pull over' couple for marriage proposal, Twitter users worried about relationship‚Äôs fate https://t.co/iIVnQZwMS4",0.864,0.136,0.0,3,@FoxNews
303,-0.5267,Sun Sep 09 03:26:00 +0000 2018,New Jersey charter school slammed for turning away students for minor dress code violations https://t.co/tZJqOFErJ4,0.805,0.195,0.0,4,@FoxNews
304,-0.6597,Sun Sep 09 03:18:00 +0000 2018,"Rochelle Sykes, aunt of teen murdered in Chicago: ""He wasn't in a gang, he didn't do drugs. What is it that he coul‚Ä¶ https://t.co/WiXV7s1GuT",0.833,0.167,0.0,5,@FoxNews
305,-0.34,Sun Sep 09 03:02:00 +0000 2018,Massachusetts jewelry store under fire after 'take a knee' billboard backfires https://t.co/8qeSTbR0VR,0.806,0.194,0.0,6,@FoxNews
306,-0.8658,Sun Sep 09 02:54:46 +0000 2018,New York City reopens subway station destroyed in 9/11 terror attack https://t.co/ilIcRzMIMV,0.481,0.519,0.0,7,@FoxNews
307,0.0191,Sun Sep 09 02:45:00 +0000 2018,SUNDAY: Don't miss an exclusive interview with @ChrisCoons on @FoxNewsSunday. Check your local listings and tune in‚Ä¶ https://t.co/98VlQIyszm,0.85,0.073,0.077,8,@FoxNews
308,0.34,Sun Sep 09 02:40:23 +0000 2018,Judith Miller: The anonymous op-ed in the @nytimes merited publication (via @FoxNewsOpinion) https://t.co/augNDRcn6g,0.833,0.0,0.167,9,@FoxNews
309,-0.3818,Sun Sep 09 02:35:00 +0000 2018,"Governors of North Carolina, South Carolina and Virginia declare states of emergency ahead of Florence‚Ä¶ https://t.co/X0FnD67j3n",0.852,0.148,0.0,10,@FoxNews
310,0.0,Sun Sep 09 02:31:04 +0000 2018,American Airlines flight attendant told passenger to 'pee in a bag' after plane's toilets overflow https://t.co/xtTaPzTmm9,1.0,0.0,0.0,11,@FoxNews
311,0.0,Sun Sep 09 02:21:06 +0000 2018,"Participants perform yoga in front of the Eiffel Tower as part of the sport event ""La Parisienne"" in Paris on Satur‚Ä¶ https://t.co/PpLimYi2zF",1.0,0.0,0.0,12,@FoxNews
312,-0.5829,Sun Sep 09 02:16:47 +0000 2018,".@JoeDeVitoComedy on anonymous @nytimes op-ed: ""If it's really that bad, become a former senior administration offi‚Ä¶ https://t.co/Vv2YZXNtXQ",0.799,0.201,0.0,13,@FoxNews
313,0.4215,Sun Sep 09 02:05:38 +0000 2018,Massive boom hopes to corral Pacific Ocean's plastic trash https://t.co/t99oZyj5eb,0.763,0.0,0.237,14,@FoxNews
314,0.0,Sun Sep 09 01:56:00 +0000 2018,"Antjuan Seawright on @BarackObama campaigning for midterms: ""This is not about who will control Congress or who wil‚Ä¶ https://t.co/4AacnToL6L",1.0,0.0,0.0,15,@FoxNews
315,0.3875,Sun Sep 09 01:53:00 +0000 2018,"Thomas Homan: ‚ÄúThey are not going to bully the 20,000 American patriots that work for ICE.‚Äù https://t.co/8mAKSctCx9 https://t.co/ngYqOR9h66",0.866,0.0,0.134,16,@FoxNews
316,-0.6249,Sun Sep 09 01:48:00 +0000 2018,"Kevin Graham on Chicago violence: ""It didn't start yesterday. It started started years ago when they decided to und‚Ä¶ https://t.co/kEFtf4yLt4",0.823,0.177,0.0,17,@FoxNews
317,0.0,Sun Sep 09 01:43:00 +0000 2018,SUNDAY: @VP Mike Pence joins Chris Wallace for an interview on @FoxNewsSunday. Check your local listings and tune i‚Ä¶ https://t.co/GMocs5pjxU,1.0,0.0,0.0,18,@FoxNews
318,0.0,Sun Sep 09 01:42:55 +0000 2018,"""We're seeing a booming economy because of President @realDonaldTrump's vision.""

On @OutnumberedOT,‚Ä¶ https://t.co/FGsYMnkZLD",1.0,0.0,0.0,19,@FoxNews
319,-0.5106,Sun Sep 09 01:35:11 +0000 2018,Pennsylvania SPCA announces charges against woman accused of 'cropping' schnauzer puppies' ears https://t.co/wyEaYEIy3r,0.719,0.281,0.0,20,@FoxNews
320,-0.5719,Sun Sep 09 01:24:58 +0000 2018,Serena Williams accuses umpire of sexism in US Open loss https://t.co/qPQbeUPbCF,0.657,0.343,0.0,21,@FoxNews
321,-0.6486,Sun Sep 09 01:20:35 +0000 2018,".@JudgeJeanine: ""It has never happened in the history of this country, an ex-president viciously attacking his succ‚Ä¶ https://t.co/h5wijHKDsZ",0.751,0.249,0.0,22,@FoxNews
322,-0.8271,Sun Sep 09 01:08:01 +0000 2018,"RT @FoxNewsResearch: Kavanaugh Confirmation Hearings:
‚Üí Protester Arrests

‚Ä¢Day 1 ‚Äì Sept 4: 70 arrests

‚Ä¢Day 2 ‚Äì Sept 5:  73 arrests

‚Ä¢Day‚Ä¶",0.633,0.367,0.0,23,@FoxNews
323,0.0,Sun Sep 09 00:59:08 +0000 2018,'This Is Anti-Trump': Homan Hits Back at Atlanta Mayor for Ending Ties With ICE https://t.co/3hZA0kQFtO,1.0,0.0,0.0,24,@FoxNews
324,0.0,Sun Sep 09 00:49:00 +0000 2018,New Hampshire man fined $124 for kicking seagull that tried to eat his cheeseburger https://t.co/8S2yuXMID5,1.0,0.0,0.0,25,@FoxNews
325,-0.34,Sun Sep 09 00:42:01 +0000 2018,Massachusetts jewelry store under fire after 'take a knee' billboard backfires https://t.co/O8gxzL9Oxq,0.806,0.194,0.0,26,@FoxNews
326,-0.34,Sun Sep 09 00:35:20 +0000 2018,Cincinnati police release footage of gunman 'firing shots at anyone he sees' https://t.co/VWo0mzH183,0.833,0.167,0.0,27,@FoxNews
327,0.3182,Sun Sep 09 00:30:44 +0000 2018,RT @FoxBusiness: Trump calls for a fair trade deal with Canada https://t.co/VIv1HpSl1M,0.813,0.0,0.187,28,@FoxNews
328,-0.2732,Sun Sep 09 00:23:21 +0000 2018,.@SenBillCassidy: ‚ÄúThe president ran for office saying that he was going to cut regulations and he was going to low‚Ä¶ https://t.co/WtjP0q23gY,0.905,0.095,0.0,29,@FoxNews
329,0.0,Sun Sep 09 00:19:06 +0000 2018,"RT @FoxNewsResearch: American Spotlightüî¶
- prevalence of obesity (%)

(ages 20 and over)

‚Ä¢1988-1994: 22.9%
‚Ä¢1999-2000: 30.5%
‚Ä¢2001-2002: 3‚Ä¶",1.0,0.0,0.0,30,@FoxNews
330,0.6494,Sun Sep 09 00:08:00 +0000 2018,"Tropical Storm Florence gains 'a little' strength, forecast to turn into hurricane, officials say https://t.co/OXcUPSGYyt",0.71,0.0,0.29,31,@FoxNews
331,-0.5994,Sun Sep 09 00:02:00 +0000 2018,Ariana Grande posts Mac Miller photo on Instagram after his death https://t.co/pz8SmVuQis,0.738,0.262,0.0,32,@FoxNews
332,0.34,Sat Sep 08 23:53:25 +0000 2018,"Guests at the Frontiers in Flight Open House and Airshow wait on line to look inside Doc, a restored B-29 Superfort‚Ä¶ https://t.co/olpA1LpM4P",0.893,0.0,0.107,33,@FoxNews
333,0.0,Sat Sep 08 23:53:00 +0000 2018,Feds indict Oklahoma big cat breeder in murder-for-hire https://t.co/4stI9Gy6jP,1.0,0.0,0.0,34,@FoxNews
334,0.6369,Sat Sep 08 23:46:00 +0000 2018,".@KatiePavlich: ""America has always prevailed. It is the greatest country the world has ever known. I always have f‚Ä¶ https://t.co/11jwA0Zzkg",0.811,0.0,0.189,35,@FoxNews
335,-0.4404,Sat Sep 08 23:41:00 +0000 2018,Mother of black man shot dead by white Dallas officer wonders if race played pivotal role https://t.co/7H628yR4pZ,0.691,0.198,0.111,36,@FoxNews
336,-0.296,Sat Sep 08 23:37:00 +0000 2018,OPINION: Kavanaugh hearing day four: Democrats still land no punches https://t.co/OkJ2eNji0u,0.82,0.18,0.0,37,@FoxNews
337,0.4019,Sat Sep 08 23:31:00 +0000 2018,"In a special @IngrahamAngle town hall, Laura Ingraham delves into the reasons behind the staggering levels of viole‚Ä¶ https://t.co/Or7vWMBZd1",0.863,0.0,0.137,38,@FoxNews
338,0.3612,Sat Sep 08 23:26:00 +0000 2018,".@KatiePavlich: ""Conservatism to me is limited government, liberty and sticking to the Constitution and realizing t‚Ä¶ https://t.co/1PHJwPOA8j",0.739,0.094,0.167,39,@FoxNews
339,0.8555,Sat Sep 08 23:20:00 +0000 2018,".@RealCandaceO: ""Liberalism to me means bondage and conservatism means freedom. The freedom to choose, the freedom‚Ä¶ https://t.co/y2pnWWothh",0.641,0.0,0.359,40,@FoxNews
340,0.0,Sat Sep 08 23:11:40 +0000 2018,".@RealCandaceO on @realDonaldTrump: ""I think that what he did in this country was the most necessary thing by killi‚Ä¶ https://t.co/lw0KhX5FD6",1.0,0.0,0.0,41,@FoxNews
341,0.0772,Sat Sep 08 22:41:47 +0000 2018,Intense air raids on edge of Syria's rebel-held Idlib; @BenjaminHallFNC reports. #FoxReport https://t.co/B4sc5ehoDw https://t.co/p1xvqf15Px,0.909,0.0,0.091,42,@FoxNews
342,-0.4767,Sat Sep 08 22:40:51 +0000 2018,"Jim Antle: ""Despite the fact that [Judge Kavanaugh] was constantly being interrupted by protesters, and that a lot‚Ä¶ https://t.co/yf3hj2pVl5",0.796,0.204,0.0,43,@FoxNews
343,0.743,Sat Sep 08 22:22:55 +0000 2018,Naomi Osaka of Japan holds up the championship trophy after winning the U.S. Open Women‚Äôs Final against Serena Will‚Ä¶ https://t.co/IXjSgchB4b,0.741,0.0,0.259,44,@FoxNews
344,-0.6597,Sat Sep 08 22:12:20 +0000 2018,"Rochelle Sykes, aunt of teen murdered in Chicago: ""He wasn't in a gang, he didn't do drugs. What is it that he coul‚Ä¶ https://t.co/OtGkuPEtdj",0.833,0.167,0.0,45,@FoxNews
345,0.4767,Sat Sep 08 22:08:35 +0000 2018,"RT @FoxNewsResearch: #OTD in 1974: One month after Nixon‚Äôs resignation, President Ford granted ‚Äúa full, free and absolute pardon‚Äù to Nixon‚Ä¶",0.706,0.086,0.208,46,@FoxNews
346,-0.6808,Sat Sep 08 22:00:10 +0000 2018,"RT @FoxNewsResearch: Sep 1 to Sep 7
-Week in Numbùüërs
ùüêùêßùêù House Dem Incumbent to lose primary in 2018
At least ùüëùüï ppl have denied being NYT‚Ä¶",0.804,0.196,0.0,47,@FoxNews
347,-0.4767,Sat Sep 08 21:49:01 +0000 2018,BREAKING: Serena Williams defeated by Naomi Osaka in US Open Women‚Äôs Final https://t.co/0tbdafS9dZ,0.795,0.205,0.0,48,@FoxNews
348,0.0,Sat Sep 08 21:44:33 +0000 2018,.@johnlegend says @kanyewest is 'serious' about running for president https://t.co/UaSeCOEH0j,1.0,0.0,0.0,49,@FoxNews
349,0.5267,Sat Sep 08 21:37:36 +0000 2018,"TOMORROW: Actor @jonvoight sounds off on politics in Hollywood on ""Life, Liberty, &amp; Levin"" with @marklevinshow - Tu‚Ä¶ https://t.co/wkTz08sH78",0.833,0.0,0.167,50,@FoxNews
350,0.0,Sat Sep 08 21:29:39 +0000 2018,"North Korea to fete 70th birthday with tanks, dancing masses; @GregPalkot reports. https://t.co/QjWrh5eP3P https://t.co/mp4lC18YhV",1.0,0.0,0.0,51,@FoxNews
351,0.0,Sat Sep 08 21:19:12 +0000 2018,".@Jeff_Journalist on @BarackObama's Saturday rally: ""Unlike yesterday, the former president did not mention Preside‚Ä¶ https://t.co/C2ojruwBEA",1.0,0.0,0.0,52,@FoxNews
352,0.0,Sat Sep 08 21:17:19 +0000 2018,Trump eyes 'four or five' people who may be behind anonymous NYT article; @ellisonbarber reports.‚Ä¶ https://t.co/ZxKtkJeecC,1.0,0.0,0.0,53,@FoxNews
353,0.0,Sat Sep 08 21:06:46 +0000 2018,Mac Miller's home was reportedly cleaned before police investigation https://t.co/bSJGAbyYGI,1.0,0.0,0.0,54,@FoxNews
354,-0.2244,Sat Sep 08 21:00:00 +0000 2018,Don‚Äôt miss ‚ÄúFox Report with Jon Scott‚Äù Saturdays and Sundays at 6p ET on Fox News Channel! @JonScottFNC https://t.co/71CBEMbZyJ,0.905,0.095,0.0,55,@FoxNews
355,-0.3612,Sat Sep 08 20:52:53 +0000 2018,RT @FoxBusiness: One-third of employees would take 20% pay cut to work this many days per week https://t.co/vvpWXI4ptx,0.821,0.179,0.0,56,@FoxNews
356,0.4939,Sat Sep 08 20:46:58 +0000 2018,Obama says midterms are 'chance to restore some sanity to our politics' https://t.co/Ajvp2jbPiO,0.724,0.0,0.276,57,@FoxNews
357,0.34,Sat Sep 08 20:37:29 +0000 2018,"Tiffany Cross on the midterms: ""The American people certainly fell for @realDonaldTrump once. I don't know that tha‚Ä¶ https://t.co/m63yggDXKO",0.876,0.0,0.124,58,@FoxNews
358,0.0772,Sat Sep 08 20:29:47 +0000 2018,"Sean Noble on @BarackObama campaigning for the midterms: ""The problem that President Obama is going to have is that‚Ä¶ https://t.co/gZMGfNFX8W",0.759,0.114,0.127,59,@FoxNews
359,0.0,Sat Sep 08 20:20:49 +0000 2018,Former President @BarackObama held a campaign rally for seven House Democratic candidates in California;‚Ä¶ https://t.co/OinyTDm9Oi,1.0,0.0,0.0,60,@FoxNews
360,0.0,Sat Sep 08 20:20:31 +0000 2018,SEPTA says bus pulled from service after woman reportedly believes to find bed bugs https://t.co/ofsBxrV6TD,1.0,0.0,0.0,61,@FoxNews
361,-0.8658,Sat Sep 08 19:58:00 +0000 2018,New York City reopens subway station destroyed in 9/11 terror attack https://t.co/a1211Et68c,0.481,0.519,0.0,62,@FoxNews
362,-0.6369,Sat Sep 08 19:48:00 +0000 2018,OPINION: Failed Obama attacks successful Trump in bitter swan song https://t.co/oYILkkaZp4,0.354,0.455,0.192,63,@FoxNews
363,0.0,Sat Sep 08 19:39:55 +0000 2018,Meghan Markle‚Äôs dog is getting a children‚Äôs book https://t.co/WBWXSIi3Ub,1.0,0.0,0.0,64,@FoxNews
364,0.0,Sat Sep 08 19:25:57 +0000 2018,"Kamala Harris, Planned Parenthood slammed for taking Kavanaugh out of context on birth control remarks https://t.co/Wwzbh6EVD4",1.0,0.0,0.0,65,@FoxNews
365,-0.296,Sat Sep 08 19:18:28 +0000 2018,"Florida police 'pull over' couple for marriage proposal, Twitter users worried about relationship‚Äôs fate https://t.co/iKboxNaqU8",0.864,0.136,0.0,66,@FoxNews
366,-0.6705,Sat Sep 08 19:10:13 +0000 2018,"Kavanaugh avoids Dem traps as chaotic hearing winds down, confirmation vote looms; @Garrett_FoxNews reports. https://t.co/WjOaPx1zZU",0.649,0.351,0.0,67,@FoxNews
367,0.0,Sat Sep 08 19:08:08 +0000 2018,"Former President @BarackObama campaigns for Democratic congressional candidates in Anaheim, Calif.  https://t.co/TxuoFV20He",1.0,0.0,0.0,68,@FoxNews
368,-0.5106,Sat Sep 08 19:01:23 +0000 2018,".@MrsT106 on @BarackObama campaigning for midterms: ""After eight years of Obama's failed policies, the American pub‚Ä¶ https://t.co/XsDmHeaunx",0.829,0.171,0.0,69,@FoxNews
369,-0.2244,Sat Sep 08 18:55:00 +0000 2018,Don‚Äôt miss ‚ÄúFox Report with Jon Scott‚Äù Saturdays and Sundays at 6p ET on Fox News Channel! @JonScottFNC https://t.co/iqGAzo7v25,0.905,0.095,0.0,70,@FoxNews
370,0.0,Sat Sep 08 18:54:30 +0000 2018,"Antjuan Seawright on @BarackObama campaigning for midterms: ""This is not about who will control Congress or who wil‚Ä¶ https://t.co/a4nR5l1Szl",1.0,0.0,0.0,71,@FoxNews
371,-0.25,Sat Sep 08 18:49:37 +0000 2018,"Antjuan Seawright on @BarackObama campaigning for midterms: ""I think his presence alone will be a big factor in mot‚Ä¶ https://t.co/pRnQXp5J7L",0.9,0.1,0.0,72,@FoxNews
372,0.0,Sat Sep 08 18:44:16 +0000 2018,".@GillianHTurner: ""The House passed a vote yesterday that redefines the crimes for which foreigners can be deported‚Ä¶ https://t.co/yE45yRhXFB",1.0,0.0,0.0,73,@FoxNews
373,0.0,Sat Sep 08 18:40:28 +0000 2018,".@henryrodgersdc on possible government shutdown over immigration bill: ""If Congress cannot get their heads togethe‚Ä¶ https://t.co/03VBr5i6na",1.0,0.0,0.0,74,@FoxNews
374,0.0,Sat Sep 08 18:32:07 +0000 2018,"Jamil Jaffer on anonymous @nytimes op-ed: ""At the end of the day, if you're going to say these sort of things, you‚Ä¶ https://t.co/KkEweVW1Lf",1.0,0.0,0.0,75,@FoxNews
375,0.4939,Sat Sep 08 18:20:35 +0000 2018,Scientists invent way to create 'unlimited renewable energy' https://t.co/YIPmagF41n,0.625,0.0,0.375,76,@FoxNews
376,0.4939,Sat Sep 08 18:14:38 +0000 2018,".@ellisonbarber on the anonymous @nytimes op-ed: ""[@POTUS] seems confident that eventually the world will know who‚Ä¶ https://t.co/0KbiQJGxZT",0.833,0.0,0.167,77,@FoxNews
377,-0.0516,Sat Sep 08 18:07:54 +0000 2018,"Earlier, President @realDonaldTrump touted the economy while saying the country has ""tremendous future potential."" https://t.co/EhrZImC9uC",0.921,0.079,0.0,78,@FoxNews
378,-0.3818,Sat Sep 08 18:06:51 +0000 2018,Tropical Storm Florence prompts North and South Carolina to declare states of emergency as it approaches East Coast https://t.co/0QuNnmdR5F,0.874,0.126,0.0,79,@FoxNews
379,-0.2023,Sat Sep 08 17:56:59 +0000 2018,Nike's sales surge after releasing controversial Colin Kaepernick 'Just Do It' campaign https://t.co/3pZ6vbXWah,0.87,0.13,0.0,80,@FoxNews
380,-0.34,Sat Sep 08 17:55:59 +0000 2018,Massachusetts jewelry store under fire after 'take a knee' billboard backfires https://t.co/8qeSTbzq4j,0.806,0.194,0.0,81,@FoxNews
381,0.0,Sat Sep 08 17:49:36 +0000 2018,.@LawrenceBJones3: ‚ÄúI think this is going to backfire because the American people are going to go by results at the‚Ä¶ https://t.co/KR4RZc8dGh,1.0,0.0,0.0,82,@FoxNews
382,-0.5267,Sat Sep 08 17:42:55 +0000 2018,New Jersey charter school slammed for turning away students for minor dress code violations https://t.co/tZJqOFW2AC,0.805,0.195,0.0,83,@FoxNews
383,0.6369,Sat Sep 08 17:33:57 +0000 2018,"Perfectly preserved 1,000-year-old hunter's dart discovered in melting ice https://t.co/pqouxCSscD",0.682,0.0,0.318,84,@FoxNews
384,0.0,Sat Sep 08 17:31:27 +0000 2018,"Awaiting @BarackObama at Anaheim, CA Rally https://t.co/uVoV53Bk4Y",1.0,0.0,0.0,85,@FoxNews
385,0.5574,Sat Sep 08 17:25:52 +0000 2018,"Nick Jonas opens up about Priyanka Chopra romance, reveals their celebrity couple name https://t.co/tcojK4iOXJ",0.783,0.0,0.217,86,@FoxNews
386,0.6114,Sat Sep 08 17:24:32 +0000 2018,RT @EricShawnTV: Happy Saturday! You get not just one...not two...but three hours every Saturday of @EricShawnTV and @ArthelNeville @FoxNew‚Ä¶,0.818,0.0,0.182,87,@FoxNews
387,0.0,Sat Sep 08 17:21:15 +0000 2018,Massive Gator Walks Florida Golf Course https://t.co/to5f5to09k,1.0,0.0,0.0,88,@FoxNews
388,-0.4404,Sat Sep 08 17:05:04 +0000 2018,.@SebGorka: ‚Äú[Barack Obama‚Äôs] whole 8 year presidency was an embarrassment when it comes to everything from the eco‚Ä¶ https://t.co/KFd8vUEdq9,0.854,0.146,0.0,89,@FoxNews
389,-0.296,Sat Sep 08 16:54:32 +0000 2018,.@realDonaldTrump: Apple should make its products in US to avoid tariff hit (via: @FoxBusiness) https://t.co/e36m6TvX2L,0.864,0.136,0.0,90,@FoxNews
390,-0.7506,Sat Sep 08 16:45:39 +0000 2018,"Celtics player Jabari Bird arrested after allegedly assaulting, strangling and kidnapping person: police https://t.co/tEZhsIc8qb",0.652,0.348,0.0,91,@FoxNews
391,0.0191,Sat Sep 08 16:45:00 +0000 2018,SUNDAY: Don't miss an exclusive interview with @ChrisCoons on @FoxNewsSunday. Check your local listings and tune in‚Ä¶ https://t.co/19KVYgsbri,0.85,0.073,0.077,92,@FoxNews
392,-0.25,Sat Sep 08 16:26:36 +0000 2018,Thousands of people gather in front of Paris town hall during a protest. Demonstrators in cities across France and‚Ä¶ https://t.co/FaA1W1RVvQ,0.9,0.1,0.0,93,@FoxNews
393,0.743,Sat Sep 08 16:18:10 +0000 2018,"Peter Navarro: ‚ÄúWhat Obama‚Äôs trying to do is claim credit for the president‚Äôs success, which is absurd.‚Äù https://t.co/XZin5ZvQKA",0.717,0.0,0.283,94,@FoxNews
394,0.8271,Sat Sep 08 16:11:47 +0000 2018,"OPINION: Kavanaugh might be the left's nightmare, but he will restore the Supreme Court to its proper role https://t.co/DLstxfr87f",0.688,0.0,0.312,95,@FoxNews
395,0.0,Sat Sep 08 15:58:50 +0000 2018,RT @FoxBusiness: US manufacturing at highest level in more than 14 years https://t.co/uV8JtzOrAL,1.0,0.0,0.0,96,@FoxNews
396,0.0,Sat Sep 08 15:45:27 +0000 2018,.@dbongino: ‚ÄúBarack Obama was one of the most divisive presidents in American history.‚Äù https://t.co/Y5a4hwGMHW https://t.co/oaod2hltND,1.0,0.0,0.0,97,@FoxNews
397,-0.5267,Sat Sep 08 15:41:06 +0000 2018,Left wing fumes at Dem leaders over Kavanaugh: 'You are failing us' https://t.co/gQxJ2wzhQu,0.714,0.286,0.0,98,@FoxNews
398,0.0,Sat Sep 08 15:41:00 +0000 2018,SUNDAY: @VP Mike Pence joins Chris Wallace for an interview on @FoxNewsSunday. Check your local listings and tune i‚Ä¶ https://t.co/3wkWX6p6EI,1.0,0.0,0.0,99,@FoxNews
399,0.0,Sat Sep 08 15:31:00 +0000 2018,.@johnlegend says @kanyewest is 'serious' about running for president https://t.co/QBrvos5CXH,1.0,0.0,0.0,100,@FoxNews
400,-0.34,Sun Sep 09 03:55:34 +0000 2018,Venezuela Accuses U.S. of Plotting Coup Against Maduro https://t.co/mkdRUAchir,0.769,0.231,0.0,1,@nytimes
401,0.4019,Sun Sep 09 03:51:02 +0000 2018,"""In one exhilarating moment behind the wheel, I began my journey into adulthood"" https://t.co/2zLbkirUTb",0.816,0.0,0.184,2,@nytimes
402,0.0,Sun Sep 09 03:33:35 +0000 2018,"Doctors Fleeing Syria for Germany Find Refuge, Hurdles and Delays https://t.co/TIfP0PvrPy",1.0,0.0,0.0,3,@nytimes
403,0.0,Sun Sep 09 03:25:07 +0000 2018,"Here's a few things to try when your lifeline ‚Äî er, your phone, or tablet ‚Äî won't charge https://t.co/71m0MYTaW1",1.0,0.0,0.0,4,@nytimes
404,0.0772,Sun Sep 09 03:07:18 +0000 2018,"‚ÄúThere‚Äôs this thing inside each of us now. We‚Äôve lost something that we can never get back."" Who helps the teachers‚Ä¶ https://t.co/YiqJxGh7rU",0.803,0.092,0.104,5,@nytimes
405,-0.34,Sun Sep 09 02:49:30 +0000 2018,Piece of Metal Pierces Roof of New Jersey Transit Train in a Night of Service Disruptions https://t.co/pexafXZPYz,0.862,0.138,0.0,6,@nytimes
406,0.0,Sun Sep 09 02:42:08 +0000 2018,How Michigan became the epicenter of the Modernist experiment https://t.co/zODJ3WOvS2,1.0,0.0,0.0,7,@nytimes
407,0.5267,Sun Sep 09 02:24:05 +0000 2018,A gnocchi for cheese lovers https://t.co/gMCDoCa05L https://t.co/3AIk8RjKR2,0.595,0.0,0.405,8,@nytimes
408,-0.1779,Sun Sep 09 02:07:25 +0000 2018,"Thwarting Trump, or the Voters? https://t.co/fc7wGcJjYi",0.746,0.254,0.0,9,@nytimes
409,-0.25,Sun Sep 09 01:50:42 +0000 2018,Hate filing out a Fafsa? This should help. https://t.co/HmfcUtZOh1,0.484,0.298,0.218,10,@nytimes
410,0.3612,Sun Sep 09 01:33:34 +0000 2018,"‚ÄúYou look a lot like Steve Perry,‚Äù a man at the restaurant said.

‚ÄúI used to be Steve Perry,‚Äù said Steve Perry. 
https://t.co/aXigmKzwMs",0.889,0.0,0.111,11,@nytimes
411,-0.3412,Sun Sep 09 01:15:16 +0000 2018,"It's not always easy for a schools to go green. Here's how students, teachers and institutions are working to be mo‚Ä¶ https://t.co/AZe4KZMhcQ",0.893,0.107,0.0,12,@nytimes
412,-0.659,Sun Sep 09 00:57:04 +0000 2018,"The reporter's last words: ""The area is completely terrorized. I can smell blood here, and as you can see in the pi‚Ä¶ https://t.co/7HEY6HQGPx",0.827,0.173,0.0,13,@nytimes
413,-0.1027,Sun Sep 09 00:38:53 +0000 2018,Prosecutors Admit They Wrongly Accused Russian of Offering Sex for Republican Access https://t.co/wIvzL2PwgS,0.733,0.147,0.12,14,@nytimes
414,0.4019,Sun Sep 09 00:25:48 +0000 2018,It was a centennial birthday brunch. Then the party took a turn. https://t.co/hGRKuKPba5,0.787,0.0,0.213,15,@nytimes
415,-0.25,Sun Sep 09 00:08:31 +0000 2018,What Arthur Ashe Knew About Protest https://t.co/VrXB5tbts0,0.75,0.25,0.0,16,@nytimes
416,-0.4588,Sun Sep 09 00:00:24 +0000 2018,A new generation of female samba circle musicians in Brazil are rejecting both the idea they belong on the sideline‚Ä¶ https://t.co/IKCXjhMIR4,0.864,0.136,0.0,17,@nytimes
417,0.0,Sat Sep 08 23:54:29 +0000 2018,Third Point Seeks to Oust Campbell Soup‚Äôs Board https://t.co/2JfPMlaxA5,1.0,0.0,0.0,18,@nytimes
418,0.2263,Sat Sep 08 23:41:08 +0000 2018,‚ÄòNo One Could Believe It‚Äô: When Ford Pardoned Nixon Four Decades Ago https://t.co/dmeeEQjVXv,0.863,0.0,0.137,19,@nytimes
419,-0.6486,Sat Sep 08 23:26:55 +0000 2018,A Grim Endgame Looms in Syria https://t.co/iE327WYxEI,0.43,0.57,0.0,20,@nytimes
420,0.7506,Sat Sep 08 23:15:02 +0000 2018,"RT @NYTmag: ""Serena‚Äôs excellence comes with the ability to imagine herself achieving a new kind of history for all of us."" https://t.co/aou‚Ä¶",0.748,0.0,0.252,21,@nytimes
421,0.6486,Sat Sep 08 23:10:01 +0000 2018,Naomi Osaka is the first Japanese Grand Slam singles champion. Revisit our profile of the 20-year-old tennis star. https://t.co/zovo6fkyaX,0.627,0.102,0.271,22,@nytimes
422,0.0,Sat Sep 08 23:00:09 +0000 2018,"RT @nytopinion: NYT's Op-Ed editor, @jimdao, explains how the anonymous Op-Ed from a senior official in the Trump administration came to be‚Ä¶",1.0,0.0,0.0,23,@nytimes
423,0.3182,Sat Sep 08 22:58:43 +0000 2018,"‚ÄòCrazy Rich Asians‚Äô Has Soared, but It May Not Fly in China https://t.co/SQzXRm5Ij0",0.839,0.0,0.161,24,@nytimes
424,-0.3818,Sat Sep 08 22:50:52 +0000 2018,"Obama, on California Front Lines, Joins Democratic Battle to Capture House https://t.co/EAgiUAjT3u",0.809,0.191,0.0,25,@nytimes
425,0.0,Sat Sep 08 22:32:34 +0000 2018,"Bonnethead sharks are the first omnivorous sharks known to science, which could change our understanding of what so‚Ä¶ https://t.co/flhBFgx2pa",1.0,0.0,0.0,26,@nytimes
426,-0.1027,Sat Sep 08 22:15:05 +0000 2018,"Judge Brett Kavanaugh, dodging questions at his confirmation hearings, drew on lessons learned from earlier nominee‚Ä¶ https://t.co/YxHNiNw0rE",0.92,0.08,0.0,27,@nytimes
427,0.0,Sat Sep 08 22:03:39 +0000 2018,Jim Carrey explains why he's returning to television as an unraveling children's-TV host on the Showtime series ‚ÄúKi‚Ä¶ https://t.co/zusr0pB3Zp,1.0,0.0,0.0,28,@nytimes
428,-0.296,Sat Sep 08 21:46:25 +0000 2018,"Breaking News: Naomi Osaka beat her idol, Serena Williams, in a contentious U.S. Open final. She is the first Japan‚Ä¶ https://t.co/Hlg8DiLBZp",0.896,0.104,0.0,29,@nytimes
429,0.0,Sat Sep 08 21:45:04 +0000 2018,"In Opinion

Op-Ed contributor Carol Anderson writes, ""Voters across the country are now realizing that they, too, h‚Ä¶ https://t.co/HY0HGwM66o",1.0,0.0,0.0,30,@nytimes
430,0.0,Sat Sep 08 21:37:30 +0000 2018,RT @NYTSports: U.S. Open Final 2018: Serena Williams vs. Naomi Osaka Live https://t.co/8ctSQiwo0k https://t.co/kOMYWdMRuQ,1.0,0.0,0.0,31,@nytimes
431,0.0,Sat Sep 08 21:30:07 +0000 2018,These dinners are perfect for those who hate washing dishes https://t.co/owq7InWZZI,0.549,0.226,0.226,32,@nytimes
432,0.5859,Sat Sep 08 21:15:07 +0000 2018,"For the artist and AIDS activist David Wojnarowicz, there was beauty on the horizon, intermingled with barbarism https://t.co/sknRP8ZAYm",0.817,0.0,0.183,33,@nytimes
433,0.3818,Sat Sep 08 21:00:14 +0000 2018,Asia Argento stayed close with Harvey Weinstein. Jimmy Bennett stayed in touch with Ms. Argento. The dynamic is not‚Ä¶ https://t.co/Fwduo60yKw,0.88,0.0,0.12,34,@nytimes
434,0.2023,Sat Sep 08 20:45:09 +0000 2018,Serena Williams is playing Naomi Osaka in the U.S. Open women‚Äôs singles final. Follow the action in our live briefi‚Ä¶ https://t.co/R6Xp8hzdRk,0.917,0.0,0.083,35,@nytimes
435,0.0,Sat Sep 08 20:30:07 +0000 2018,"In Opinion

Op-Ed contributor Teju Cole writes, ""'Resistance' is back in vogue, and it describes something rather d‚Ä¶ https://t.co/cq8fTbm68I",1.0,0.0,0.0,36,@nytimes
436,-0.296,Sat Sep 08 20:15:04 +0000 2018,"The Cortlandt Street subway stop, once buried under World Trade Center debris, is reopening just before the 17th an‚Ä¶ https://t.co/UANlNut1xA",0.896,0.104,0.0,37,@nytimes
437,0.4215,Sat Sep 08 20:07:12 +0000 2018,"RT @adamnagourney: Obama, at Ca rally, is giving named call-outs to the big seven Democratic congressional challengers. This is a live vers‚Ä¶",0.833,0.0,0.167,38,@nytimes
438,0.0,Sat Sep 08 20:00:06 +0000 2018,"Nearly 23,000 readers submitted questions about the anonymous Op-Ed published in the Times. Op-Ed editor James Dao‚Ä¶ https://t.co/cEC3DRQjTE",1.0,0.0,0.0,39,@nytimes
439,0.0,Sat Sep 08 19:42:44 +0000 2018,"President Trump‚Äôs budget chief thinks Ted Cruz may not be ‚Äúlikable‚Äù enough to hold on to his Senate seat, according‚Ä¶ https://t.co/3DjwxWG8mL",1.0,0.0,0.0,40,@nytimes
440,0.4215,Sat Sep 08 19:30:06 +0000 2018,China is sending Uighur Muslims to indoctrination camps to rid them of their faith in the biggest internment progra‚Ä¶ https://t.co/sXuLd96123,0.872,0.0,0.128,41,@nytimes
441,-0.2263,Sat Sep 08 19:16:02 +0000 2018,RT @viaSimonRomero: Santa Fe put an end to its celebration of the 1692 Reconquest of New Mexico after protests by Native Americans. My stor‚Ä¶,0.924,0.076,0.0,42,@nytimes
442,0.0,Sat Sep 08 19:00:06 +0000 2018,One of the wake-up calls of new homeownership is not being able to just call the landlord when there's a leaky pipe‚Ä¶ https://t.co/vf4eDiGzCl,1.0,0.0,0.0,43,@nytimes
443,0.4019,Sat Sep 08 18:45:09 +0000 2018,"Italy's interior minister, who also leads anti-immigrant party the League, has signed up with Steve Bannon to help‚Ä¶ https://t.co/PZyBSW917A",0.87,0.0,0.13,44,@nytimes
444,0.7118,Sat Sep 08 18:30:13 +0000 2018,"Naomi Osaka's forehand is a blur to most observers, but here's a breakdown of why it's so powerful https://t.co/qlCluNZl66",0.765,0.0,0.235,45,@nytimes
445,0.0,Sat Sep 08 18:16:04 +0000 2018,"In heavily pro-Trump West Virginia, Joe Manchin, the Democratic senator up for re-election, has built a lead in pol‚Ä¶ https://t.co/FMxjA3IPrf",1.0,0.0,0.0,46,@nytimes
446,0.4215,Sat Sep 08 18:00:05 +0000 2018,"RT @laurettaland: We asked black vets about the #NikeBoycott. ‚ÄúThese same white comrades, even after sharing the bond of service, ultimatel‚Ä¶",0.877,0.0,0.123,47,@nytimes
447,0.0,Sat Sep 08 17:55:04 +0000 2018,"Come √® crollato il ponte di Genova il 14 agosto? Un video, decine di
interviste e le macerie offrono una possibile‚Ä¶ https://t.co/SkUQODcooJ",1.0,0.0,0.0,48,@nytimes
448,-0.4215,Sat Sep 08 17:45:09 +0000 2018,Egypt sentences 75 to death for their involvement in a protest by supporters of ousted president Mohamed Morsi that‚Ä¶ https://t.co/BjjpCg7q0T,0.6,0.236,0.164,49,@nytimes
449,-0.7845,Sat Sep 08 17:31:10 +0000 2018,"One of the world's top breast cancer doctors failed to disclose millions of dollars in drug company payments, expos‚Ä¶ https://t.co/MvqtwdYWZ8",0.642,0.291,0.068,50,@nytimes
450,0.0,Sat Sep 08 17:17:20 +0000 2018,RT @NYTMetro: District attorneys in Manhattan and Brooklyn plan to vacate thousands of misdemeanor marijuana warrants and low-level convict‚Ä¶,1.0,0.0,0.0,51,@nytimes
451,-0.4215,Sat Sep 08 17:00:07 +0000 2018,"A crafty man-eating tiger on the loose, like the one who has killed 13 people in central India, sounds like somethi‚Ä¶ https://t.co/mChfvuTEgI",0.59,0.236,0.174,52,@nytimes
452,0.2846,Sat Sep 08 16:45:45 +0000 2018,"‚ÄúWe stayed in the country not because we wanted to be called heroes, but because leaving meant leaving Syria with n‚Ä¶ https://t.co/pFnCtYrJB6",0.907,0.0,0.093,53,@nytimes
453,0.0,Sat Sep 08 16:31:06 +0000 2018,"A 15th century statue of St. Anne has fuchsia lips and black eyeliner, and Baby Jesus resembles a Playmobil figure‚Ä¶ https://t.co/wqRy6pN3w6",1.0,0.0,0.0,54,@nytimes
454,0.0,Sat Sep 08 16:22:16 +0000 2018,We've deleted an earlier tweet that said Dmitry Rybolovlev bought ‚ÄúSalvator Mundi‚Äù for $450 million. He sold it for‚Ä¶ https://t.co/w0nryDB0um,1.0,0.0,0.0,55,@nytimes
455,0.6124,Sat Sep 08 16:14:10 +0000 2018,"This Russian billionaire is known for big sales like the $450 million ""Salvator Mundi,"" and big purchases like the‚Ä¶ https://t.co/sUOh2MNoYg",0.783,0.0,0.217,56,@nytimes
456,-0.2263,Sat Sep 08 16:02:48 +0000 2018,The opening of the last section of new Mario M. Cuomo Bridge is delayed after a part of the old Tappan Zee bridge b‚Ä¶ https://t.co/H6neJZnTnS,0.924,0.076,0.0,57,@nytimes
457,0.0,Sat Sep 08 15:47:23 +0000 2018,"RT @NYTScience: Climate change is making hungry, hungry caterpillars. https://t.co/1teHipsuLy",1.0,0.0,0.0,58,@nytimes
458,0.4404,Sat Sep 08 15:36:11 +0000 2018,"""Go easy on each other,"" and other lessons from life in New York City https://t.co/DY2AmZBOeW",0.828,0.0,0.172,59,@nytimes
459,-0.2732,Sat Sep 08 15:18:17 +0000 2018,"In a new twist in a legal battle that has plagued President Trump for months, Michael Cohen offered to tear up a no‚Ä¶ https://t.co/ANb7D7Yljy",0.823,0.113,0.065,60,@nytimes
460,0.4939,Sat Sep 08 15:15:06 +0000 2018,"On Sept. 8, 1974, President Gerald Ford pardoned Richard Nixon for his role in Watergate. It remains the pardon oth‚Ä¶ https://t.co/2dkVnHMNw2",0.819,0.0,0.181,61,@nytimes
461,-0.7845,Sat Sep 08 15:03:15 +0000 2018,A glimpse of what was lost in the fire that destroyed Brazil‚Äôs National Museum https://t.co/toSjHpNYyN,0.582,0.418,0.0,62,@nytimes
462,-0.4767,Sat Sep 08 14:45:04 +0000 2018,"As Trump rages, Senate Republicans move ahead toward perhaps the most lasting impact of his era: a conservative shi‚Ä¶ https://t.co/tC3Mr1vw1i",0.853,0.147,0.0,63,@nytimes
463,0.0,Sat Sep 08 14:30:08 +0000 2018,"Marcella Hazan‚Äôs bolognese sauce has been called ‚Äúthe gold standard"" for bolognese. Try it and see for yourself.‚Ä¶ https://t.co/qVADmtYi7o",1.0,0.0,0.0,64,@nytimes
464,0.1779,Sat Sep 08 14:17:05 +0000 2018,Lina Khan published a paper titled ‚ÄúAmazon‚Äôs Antitrust Paradox‚Äù last year. It now forms the basis of a growing anti‚Ä¶ https://t.co/6EGHZVBlRl,0.914,0.0,0.086,65,@nytimes
465,0.0,Sat Sep 08 14:00:10 +0000 2018,"""The establishment doesn't have the hold that it used to."" Minority and female candidates ousting Democratic incumb‚Ä¶ https://t.co/0fBmCsgPB8",1.0,0.0,0.0,66,@nytimes
466,0.0,Sat Sep 08 13:44:10 +0000 2018,The Trump administration held secret meetings with Venezuelan military officers planning a coup against President N‚Ä¶ https://t.co/lpDmbhg2Gf,1.0,0.0,0.0,67,@nytimes
467,0.4215,Sat Sep 08 13:40:03 +0000 2018,Naomi Osaka will become the first woman born in Japan to play in a Grand Slam final. Revisit our profile of the 20-‚Ä¶ https://t.co/thkjrUk1md,0.714,0.093,0.193,68,@nytimes
468,0.5267,Sat Sep 08 13:35:01 +0000 2018,"""I shouldn't really think of her as, like, my idol,"" Naomi Osaka said as she prepared to face Serena Williams in th‚Ä¶ https://t.co/ml8Dq7fzws",0.827,0.0,0.173,69,@nytimes
469,0.7906,Sat Sep 08 13:22:04 +0000 2018,"‚ÄúWe have this almost sense of urgency about living life, this gratitude, this desire to give back,"" said the bride‚Ä¶ https://t.co/vzfC1j6z7k",0.731,0.0,0.269,70,@nytimes
470,-0.34,Sat Sep 08 13:02:05 +0000 2018,"""When you walk the streets, you see vacancies on every block in all five boroughs, rich or poor areas ‚Äî even on Mad‚Ä¶ https://t.co/Eu8w9rgkeN",0.676,0.203,0.122,71,@nytimes
471,-0.6597,Sat Sep 08 12:42:05 +0000 2018,"When Steve Perry detailed the personal tragedy that moved him to make music again, he spoke in language as emotiona‚Ä¶ https://t.co/BbkMW81PCG",0.82,0.18,0.0,72,@nytimes
472,-0.5859,Sat Sep 08 12:22:04 +0000 2018,"""I came to realize that it wasn‚Äôt the assault that had the most enduring effect on me. It was people‚Äôs refusal to b‚Ä¶ https://t.co/0NbgTe26v9",0.858,0.142,0.0,73,@nytimes
473,0.0,Sat Sep 08 12:02:04 +0000 2018,Tracking the House races to watch in the 2018 midterm elections https://t.co/2JaKryaxsH,1.0,0.0,0.0,74,@nytimes
474,0.34,Sat Sep 08 11:42:04 +0000 2018,"RT @NYTmag: Some teachers devote 60 hours a week to the classroom, then go to work elsewhere. The hours are long, the labor physical, the p‚Ä¶",0.909,0.0,0.091,75,@nytimes
475,0.25,Sat Sep 08 11:22:02 +0000 2018,"No matter how old or out of shape you are, you can restore much of the strength you already lost https://t.co/xr8IT6ODJE",0.593,0.167,0.241,76,@nytimes
476,0.7269,Sat Sep 08 11:12:08 +0000 2018,"The Week in Good News: Environmentally Friendly Lego, Dorothy‚Äôs Ruby Slippers, Digital Braille https://t.co/gGyeNebaLP",0.663,0.0,0.337,77,@nytimes
477,0.0,Sat Sep 08 11:02:04 +0000 2018,‚ÄúThe Manhattan Nobody Knows: An Urban Walking Guide‚Äù is the next in a series of books that uncover ‚Äî by lots of wal‚Ä¶ https://t.co/Ix2hdzFuG4,1.0,0.0,0.0,78,@nytimes
478,0.1511,Sat Sep 08 10:32:05 +0000 2018,RT @nytopinion: President Trump has never handled criticism well. With Bob Woodward's book and an anonymous Op-Ed by a senior Trump officia‚Ä¶,0.818,0.078,0.104,79,@nytimes
479,0.5267,Sat Sep 08 10:02:02 +0000 2018,"Jack Ma will retire next week from Alibaba, the e-commerce giant that made him China's richest man. He says he want‚Ä¶ https://t.co/cfjsv0sCTS",0.861,0.0,0.139,80,@nytimes
480,0.0,Sat Sep 08 09:51:55 +0000 2018,What‚Äôs Smoother Than a Federer Backhand? His $300 Million Uniqlo Deal https://t.co/OtYu7JHGxm,1.0,0.0,0.0,81,@nytimes
481,0.0,Sat Sep 08 09:49:43 +0000 2018,"After Two Hit Operas, a Composer Takes on the Bleak Prairie https://t.co/OnrxRuoBT5",1.0,0.0,0.0,82,@nytimes
482,0.0516,Sat Sep 08 09:32:05 +0000 2018,"RT @nytpolitics: President Trump has accused Democrats of trying to ‚Äúraid,‚Äù ‚Äúrob‚Äù or ‚Äúhurt‚Äù Medicare and Social Security, while suggesting‚Ä¶",0.796,0.097,0.106,83,@nytimes
483,0.4939,Sat Sep 08 09:04:39 +0000 2018,5 recipes for busy people who still want something good to eat https://t.co/D43kz1V9Lu,0.704,0.0,0.296,84,@nytimes
484,0.0,Sat Sep 08 08:48:11 +0000 2018,"In Opinion

The editorial board writes, ""Presidents do not get to outlaw speech simply because they find it distast‚Ä¶ https://t.co/aDDf16jJCS",1.0,0.0,0.0,85,@nytimes
485,-0.1027,Sat Sep 08 08:32:03 +0000 2018,"RT @nytopinion: Judge Brett Kavanaugh misstates facts under oath, and Republicans cover for him by making it hard, if not impossible, to ge‚Ä¶",0.94,0.06,0.0,86,@nytimes
486,0.0,Sat Sep 08 08:11:50 +0000 2018,The Menopausal Vagina Monologues https://t.co/GzwOulp9PC,1.0,0.0,0.0,87,@nytimes
487,0.7096,Sat Sep 08 08:06:13 +0000 2018,"The best TV shows and movies new to Netflix, Amazon and more in September https://t.co/uMXOHQNCsS",0.688,0.0,0.312,88,@nytimes
488,0.4019,Sat Sep 08 07:49:31 +0000 2018,"Burberry said it would cease burning unsold goods, a practice that had been justified as a move to preserve the com‚Ä¶ https://t.co/J1bGEJtivZ",0.876,0.0,0.124,89,@nytimes
489,-0.1027,Sat Sep 08 07:32:04 +0000 2018,RT @nytimesworld: A summit in Tehran and a Security Council meeting in New York illustrate how Syria‚Äôs fate lies in the hands of foreign po‚Ä¶,0.802,0.107,0.092,90,@nytimes
490,-0.296,Sat Sep 08 07:02:21 +0000 2018,"""The regime considers doctors to be the No. 1 enemy."" This is the story of Mohammed al-Bardan, an Ob-Gyn who has le‚Ä¶ https://t.co/pQ3mZnCVwE",0.905,0.095,0.0,91,@nytimes
491,0.0,Sat Sep 08 06:32:04 +0000 2018,RT @NYTHealth: $3 billion a year for research isn't enough to produce the vaccines the world needs https://t.co/ZiutLhsVLd,1.0,0.0,0.0,92,@nytimes
492,0.0,Sat Sep 08 06:05:10 +0000 2018,These sharks must be reclassified as omnivores ‚Äî the first omnivorous sharks known to science https://t.co/Wqikiz9cgg,1.0,0.0,0.0,93,@nytimes
493,0.34,Sat Sep 08 05:49:03 +0000 2018,"36 Hours in Paris, on the Seine: to dine, drink and play along the photogenic waterway https://t.co/dHvshrjLAY",0.87,0.0,0.13,94,@nytimes
494,0.0,Sat Sep 08 05:32:04 +0000 2018,"RT @nytopinion: If President Xi's Red Aristocracy keeps rising, China‚Äôs politics may regress all the way back to medieval times https://t.c‚Ä¶",1.0,0.0,0.0,95,@nytimes
495,-0.296,Sat Sep 08 04:58:32 +0000 2018,"Now that experts have confirmed the existence of the No. 49 inverted Jenny postage stamp, there's only one of the r‚Ä¶ https://t.co/jWpqs2ELAP",0.905,0.095,0.0,96,@nytimes
496,0.0,Sat Sep 08 04:42:03 +0000 2018,Locals and business owners on Florida's Gulf Coast say an extended red tide has been a knockout blow for tourism https://t.co/IfM2iRabIM,1.0,0.0,0.0,97,@nytimes
497,0.0,Sat Sep 08 04:22:06 +0000 2018,RT @NYTHealth: Dozens of passengers coming into the U.S. from different locations had flu-like symptoms on their flights. There's an explan‚Ä¶,1.0,0.0,0.0,98,@nytimes
498,-0.6124,Sat Sep 08 04:02:03 +0000 2018,California accuses 2 nursing homes of abandoning the elderly during last year's wine country fires https://t.co/HLN65uwEpb,0.722,0.278,0.0,99,@nytimes
499,0.34,Sat Sep 08 03:52:31 +0000 2018,"As Sweden Votes, the Far Right Gains Even in an Immigrant Bastion https://t.co/g4Wn7ZDxvz",0.833,0.0,0.167,100,@nytimes
